o Neox Mesh
v 28.33209991455078 -0.2412618100643158 -101.56576538085938
v 28.33209991455078 -0.5368351936340332 -101.56576538085938
v -0.012669899500906467 -0.5368351936340332 -101.56591033935547
v -0.012669899500906467 -0.2412618100643158 -101.56591033935547
v 150.2556915283203 -0.2700159549713135 -85.13661193847656
v 150.2556915283203 -1.5940232276916504 -85.17967987060547
v 150.25575256347656 -1.5940232276916504 -0.00012087824143236503
v 150.25575256347656 -0.2412618100643158 -0.00012087824143236503
v -0.012669899500906467 -0.5368351936340332 -101.56591033935547
v 28.33209991455078 -0.5368351936340332 -101.56576538085938
v 28.332183837890625 -0.5368362069129944 -1.9526485630194657e-05
v -0.012589236721396446 -0.5368362069129944 2.0943245999660576e-06
v -146.67172241210938 -0.5368370413780212 0.00011948349856538698
v -146.67172241210938 -0.2412618100643158 0.00011948349856538698
v -146.67178344726562 -0.2412618100643158 -85.74791717529297
v -146.67176818847656 -0.5368370413780212 -85.74790954589844
v -130.79385375976562 -0.5368370413780212 -101.56554412841797
v -130.79385375976562 -0.2412618100643158 -101.56554412841797
v -0.012675479054450989 -1.5940232276916504 -103.65035247802734
v -0.012675479054450989 -0.2412618100643158 -103.65035247802734
v -130.2201690673828 -0.2412618100643158 -103.65027618408203
v -130.2239990234375 -1.5940232276916504 -103.65027618408203
v -146.67178344726562 -0.2412618100643158 -85.74791717529297
v -146.67172241210938 -0.2412618100643158 0.00011948349856538698
v -148.7506103515625 -0.2412618100643158 0.00012506249186117202
v -148.75067138671875 -0.2412618100643158 -85.1939468383789
v -0.012675479054450989 -0.2412618100643158 -103.65035247802734
v -0.012669899500906467 -0.2412618100643158 -101.56591033935547
v -130.79385375976562 -0.2412618100643158 -101.56554412841797
v -130.2201690673828 -0.2412618100643158 -103.65027618408203
v -0.012508392333984375 -0.5368351936340332 100.74327850341797
v 28.33226776123047 -0.5368351936340332 100.74309539794922
v 28.33226776123047 -0.2412618100643158 100.74309539794922
v -0.012508392333984375 -0.2412618100643158 100.74327850341797
v 28.3322696685791 -1.5940232276916504 102.75666046142578
v 28.3322696685791 -0.2412618100643158 102.75666046142578
v 131.5019989013672 -0.27960067987442017 102.73678588867188
v 131.508544921875 -1.5940232276916504 102.73677825927734
v 28.33226776123047 -0.5368351936340332 100.74309539794922
v -0.012508392333984375 -0.5368351936340332 100.74327850341797
v -146.68670654296875 -0.5368370413780212 85.21615600585938
v -146.68670654296875 -0.25461047887802124 85.19757080078125
v -129.6468048095703 -0.27764803171157837 100.7889404296875
v -129.6468048095703 -0.5368370413780212 100.78892517089844
v -0.012502809055149555 -0.2412618100643158 102.75667572021484
v -0.012503158301115036 -1.5940232276916504 102.75667572021484
v -130.27854919433594 -1.5940232276916504 102.74422454833984
v -130.37709045410156 -0.2781464159488678 102.74421691894531
v -146.68670654296875 -0.25461047887802124 85.19757080078125
v -148.7345733642578 -0.25461047887802124 84.4281234741211
v -148.7345733642578 -0.25461047887802124 84.4281234741211
v -148.73460388183594 -1.5940232276916504 84.42244720458984
v -148.7506103515625 -1.5940232276916504 0.00012459757272154093
v -148.7506103515625 -0.2412618100643158 0.00012506249186117202
v -0.012502809055149555 -0.2412618100643158 102.75667572021484
v -130.37709045410156 -0.2781464159488678 102.74421691894531
v -130.8361358642578 -0.2781464159488678 100.78956604003906
v -129.6468048095703 -0.27764803171157837 100.7889404296875
v -0.012508392333984375 -0.2412618100643158 100.74327850341797
v 28.332096099853516 -1.5940232276916504 -103.6503677368164
v 28.33209228515625 -0.2412618100643158 -103.6503677368164
v 28.33209991455078 -0.2412618100643158 -101.56576538085938
v 28.33209228515625 -0.2412618100643158 -103.6503677368164
v 28.33226776123047 -0.2412618100643158 100.74309539794922
v 28.3322696685791 -0.2412618100643158 102.75666046142578
v 131.5019989013672 -0.27960067987442017 102.73678588867188
v 28.3322696685791 -0.2412618100643158 102.75666046142578
v 28.33226776123047 -0.2412618100643158 100.74309539794922
v 131.126953125 -0.27960067987442017 100.76011657714844
v 28.33226776123047 -0.2412618100643158 100.74309539794922
v 28.33226776123047 -0.5368351936340332 100.74309539794922
v 131.126953125 -0.5368370413780212 100.76011657714844
v 131.126953125 -0.27960067987442017 100.76011657714844
v 145.92881774902344 -0.5368370413780212 85.64955139160156
v 28.332183837890625 -0.5368362069129944 -1.9526485630194657e-05
v 148.02740478515625 -0.5368370413780212 84.60157775878906
v 148.02734375 -0.5368370413780212 -0.00011529924813657999
v 148.02734375 -0.2412618100643158 -0.00011529924813657999
v 148.02740478515625 -0.2506047785282135 84.6439437866211
v 148.02740478515625 -0.5368370413780212 84.60157775878906
v 148.02734375 -0.2412618100643158 -0.00011529924813657999
v 150.25575256347656 -0.2412618100643158 -0.00012087824143236503
v 150.2558135986328 -0.2506047785282135 84.427001953125
v 148.02740478515625 -0.2506047785282135 84.6439437866211
v 150.2558135986328 -1.5940232276916504 84.41455841064453
v 150.2558135986328 -0.2506047785282135 84.427001953125
v 150.2556915283203 -0.2700159549713135 -85.13661193847656
v 148.0272979736328 -0.2700159549713135 -85.6371078491211
v 148.02728271484375 -0.5368370413780212 -85.63712310791016
v 148.0272979736328 -0.2700159549713135 -85.6371078491211
v 133.01974487304688 -0.5368370413780212 -99.5914077758789
v 131.7652130126953 -0.5368370413780212 -101.56571960449219
v 28.33209991455078 -0.5368351936340332 -101.56576538085938
v 28.33209991455078 -0.2412618100643158 -101.56576538085938
v 131.7652130126953 -0.2698969542980194 -101.56571960449219
v 131.7652130126953 -0.5368370413780212 -101.56571960449219
v 28.33209991455078 -0.2412618100643158 -101.56576538085938
v 28.33209228515625 -0.2412618100643158 -103.6503677368164
v 131.216064453125 -0.2698969542980194 -103.65044403076172
v 131.7652130126953 -0.2698969542980194 -101.56571960449219
v 131.30059814453125 -1.5940232276916504 -103.65044403076172
v 131.216064453125 -0.2698969542980194 -103.65044403076172
v -131.50387573242188 -0.5368370413780212 -99.78013610839844
v -130.79385375976562 -0.5368370413780212 -101.56554412841797
v -148.75067138671875 -1.5940232276916504 -85.29356384277344
v -148.75067138671875 -0.2412618100643158 -85.1939468383789
v 146.04962158203125 -0.5368370413780212 -99.19419860839844
v 146.126708984375 -0.5368370413780212 -86.43204498291016
v 145.75927734375 -0.5368370413780212 98.16868591308594
v 131.6509246826172 -0.5368370413780212 99.26174926757812
v -129.6468048095703 -0.5368370413780212 100.78892517089844
v -130.84840393066406 -0.5368370413780212 100.78955841064453
v -132.00050354003906 -0.5368370413780212 98.64727783203125
v -146.67172241210938 -0.5368370413780212 0.00011948349856538698
v -146.68670654296875 -0.5368370413780212 85.21615600585938
v -144.2428436279297 -0.5368370413780212 86.51726531982422
v -146.67176818847656 -0.5368370413780212 -85.74790954589844
v -145.3106689453125 -0.5368370413780212 -86.11061096191406
v 28.33209991455078 -0.5368351936340332 -101.56576538085938
v 148.02728271484375 -0.5368370413780212 -85.63712310791016
v 148.02734375 -0.5368370413780212 -0.00011529924813657999
v 131.126953125 -0.5368370413780212 100.76011657714844
v 28.33226776123047 -0.5368351936340332 100.74309539794922
v -130.8361358642578 -0.2781464159488678 100.78956604003906
v -130.84840393066406 -0.5368370413780212 100.78955841064453
v -144.13052368164062 -0.5368370413780212 98.31031799316406
v -145.3574676513672 -0.5368370413780212 -99.70846557617188
v -146.59347534179688 -0.2412618100643158 -98.697998046875
v -149.66046142578125 -0.2412618100643158 -99.1448745727539
v -150.5506591796875 -0.2412618100643158 -105.43231964111328
v -149.2492218017578 -0.2412618100643158 -104.13091278076172
v -145.83607482910156 -0.2412618100643158 -96.75141143798828
v -145.82093811035156 -1.6196420192718506 -96.15432739257812
v -146.70291137695312 -1.6196420192718506 -98.35063171386719
v -146.59347534179688 -0.2412618100643158 -98.697998046875
v -149.66046142578125 -0.2412618100643158 -99.1448745727539
v -150.2743377685547 -1.6196420192718506 -98.87100982666016
v -151.3109588623047 -1.6196420192718506 -106.19263458251953
v -150.5506591796875 -0.2412618100643158 -105.43231964111328
v -149.66046142578125 -0.2412618100643158 -99.1448745727539
v -146.59347534179688 -0.2412618100643158 -98.697998046875
v -146.70291137695312 -1.6196420192718506 -98.35063171386719
v -150.2743377685547 -1.6196420192718506 -98.87100982666016
v -141.53919982910156 -0.2412618100643158 -96.42086791992188
v -140.86178588867188 -1.6196420192718506 -95.74344635009766
v -145.82093811035156 -1.6196420192718506 -96.15432739257812
v -145.83607482910156 -0.2412618100643158 -96.75141143798828
v -148.0286407470703 -0.2412618100643158 -102.91030883789062
v -144.76759338378906 0.3083808720111847 -99.64926147460938
v -145.76382446289062 -0.2412618100643158 -98.30239868164062
v -143.12774658203125 -0.2412618100643158 -98.0094223022461
v -141.53919982910156 -0.2412618100643158 -96.42086791992188
v -145.83607482910156 -0.2412618100643158 -96.75141143798828
v -145.76382446289062 -0.2412618100643158 -98.30239868164062
v -143.12774658203125 -0.2412618100643158 -98.0094223022461
v -146.59347534179688 -0.2412618100643158 -98.697998046875
v -148.0286407470703 -0.2412618100643158 -102.91030883789062
v -143.8163299560547 -0.2412618100643158 -101.47515106201172
v -144.2632293701172 -0.2412618100643158 -104.54215240478516
v -141.8697509765625 -0.2412618100643158 -100.71772766113281
v -143.8163299560547 -0.2412618100643158 -101.47515106201172
v -143.46897888183594 -1.6196420192718506 -101.5845718383789
v -141.27267456054688 -1.6196420192718506 -100.70257568359375
v -144.2632293701172 -0.2412618100643158 -104.54215240478516
v -150.5506591796875 -0.2412618100643158 -105.43231964111328
v -151.3109588623047 -1.6196420192718506 -106.19263458251953
v -143.9893798828125 -1.6196420192718506 -105.15602111816406
v -144.2632293701172 -0.2412618100643158 -104.54215240478516
v -143.9893798828125 -1.6196420192718506 -105.15602111816406
v -143.46897888183594 -1.6196420192718506 -101.5845718383789
v -143.8163299560547 -0.2412618100643158 -101.47515106201172
v -141.53919982910156 -0.2412618100643158 -96.42086791992188
v -141.8697509765625 -0.2412618100643158 -100.71772766113281
v -141.27267456054688 -1.6196420192718506 -100.70257568359375
v -140.86178588867188 -1.6196420192718506 -95.74344635009766
v -148.0286407470703 -0.2412618100643158 -102.91030883789062
v -143.4207305908203 -0.2412618100643158 -100.64550018310547
v -144.76759338378906 0.3083808720111847 -99.64926147460938
v -143.12774658203125 -0.2412618100643158 -98.0094223022461
v -143.4207305908203 -0.2412618100643158 -100.64550018310547
v -141.8697509765625 -0.2412618100643158 -100.71772766113281
v -143.8163299560547 -0.2412618100643158 -101.47515106201172
v -149.2492218017578 -0.2412618100643158 -104.13091278076172
v -129.40675354003906 -0.22203660011291504 -102.41442108154297
v -129.37344360351562 -1.619567632675171 -102.39813232421875
v -130.98924255371094 -1.6197795867919922 -99.975341796875
v -131.00572204589844 -0.22203660011291504 -100.00044250488281
v -138.00595092773438 -0.24126553535461426 -97.98374938964844
v -137.81988525390625 -1.619835376739502 -97.95399475097656
v -141.138916015625 -1.619835376739502 -98.44355010986328
v -141.65155029296875 -0.24126553535461426 -98.47290802001953
v -134.06808471679688 -0.24126553535461426 -100.39997863769531
v -131.9951934814453 -0.24126553535461426 -101.91847229003906
v -131.00572204589844 -0.22203660011291504 -100.00044250488281
v -134.0827178955078 -0.24126553535461426 -98.2994384765625
v -134.0827178955078 -0.24126553535461426 -98.2994384765625
v -134.08238220214844 -1.619835376739502 -98.269287109375
v -134.06808471679688 -0.24126553535461426 -100.39997863769531
v -134.0884246826172 -1.6196420192718506 -100.45620727539062
v -132.01197814941406 -1.619589924812317 -101.93478393554688
v -131.9951934814453 -0.24126553535461426 -101.91847229003906
v -134.26036071777344 -0.24126553535461426 -104.17233276367188
v -134.02394104003906 -0.24126553535461426 -102.77657318115234
v -134.02362060546875 -1.6195378303527832 -102.74642944335938
v -134.2970428466797 -1.6194299459457397 -104.17568969726562
v -132.75563049316406 -0.24126553535461426 -105.29325103759766
v -134.26036071777344 -0.24126553535461426 -104.17233276367188
v -134.2970428466797 -1.6194299459457397 -104.17568969726562
v -132.7620849609375 -1.619370460510254 -105.32608795166016
v -132.75563049316406 -0.24126553535461426 -105.29325103759766
v -132.7620849609375 -1.619370460510254 -105.32608795166016
v -129.15431213378906 -1.6193853616714478 -104.74620056152344
v -129.18765258789062 -0.22203660011291504 -104.72940063476562
v -131.2568359375 -0.24126553535461426 -103.20794677734375
v -131.14317321777344 -0.24126553535461426 -103.7024917602539
v -131.12652587890625 -1.6194671392440796 -103.66138458251953
v -131.2301025390625 -1.6195043325424194 -103.19752502441406
v -132.84962463378906 -0.24126553535461426 -102.16636657714844
v -132.84930419921875 -1.6195824146270752 -102.13621520996094
v -131.069580078125 -1.6195118427276611 -103.13311004638672
v -131.04937744140625 -0.23219779133796692 -103.13005065917969
v -132.84962463378906 -0.24126553535461426 -102.16636657714844
v -131.77169799804688 -0.24126553535461426 -102.5919418334961
v -131.77137756347656 -1.619552731513977 -102.5617904663086
v -132.84930419921875 -1.6195824146270752 -102.13621520996094
v -131.01348876953125 -0.23219779133796692 -103.69506072998047
v -131.04376220703125 -1.6194671392440796 -103.65731048583984
v -131.77169799804688 -0.24126553535461426 -102.5919418334961
v -131.77137756347656 -1.619552731513977 -102.5617904663086
v -131.14317321777344 -0.24126553535461426 -103.7024917602539
v -131.01348876953125 -0.23219779133796692 -103.69506072998047
v -131.04376220703125 -1.6194671392440796 -103.65731048583984
v -131.12652587890625 -1.6194671392440796 -103.66138458251953
v -131.04937744140625 -0.23219779133796692 -103.13005065917969
v -129.40675354003906 -0.22203660011291504 -102.41442108154297
v -132.75563049316406 -0.24126553535461426 -105.29325103759766
v -134.02394104003906 -0.24126553535461426 -102.77657318115234
v -134.26036071777344 -0.24126553535461426 -104.17233276367188
v -132.84962463378906 -0.24126553535461426 -102.16636657714844
v -131.01348876953125 -0.23219779133796692 -103.69506072998047
v -129.18765258789062 -0.22203660011291504 -104.72940063476562
v -131.14317321777344 -0.24126553535461426 -103.7024917602539
v -131.2568359375 -0.24126553535461426 -103.20794677734375
v -131.77169799804688 -0.24126553535461426 -102.5919418334961
v -129.18765258789062 -0.22203660011291504 -104.72940063476562
v -129.15431213378906 -1.6193853616714478 -104.74620056152344
v -138.00595092773438 -0.24126553535461426 -97.98374938964844
v -138.25833129882812 -0.24126553535461426 -100.0665054321289
v -137.81988525390625 -1.619835376739502 -97.95399475097656
v -138.00595092773438 -0.24126553535461426 -97.98374938964844
v -138.2745819091797 -1.6196271181106567 -100.11624908447266
v -138.25833129882812 -0.24126553535461426 -100.0665054321289
v -141.27267456054688 -1.619619607925415 -100.70257568359375
v -141.8697509765625 -0.24126553535461426 -100.71772003173828
v -141.8697509765625 -0.24126553535461426 -100.71772003173828
v -141.65155029296875 -0.24126553535461426 -98.47290802001953
v -147.5327606201172 -0.22203660011291504 -84.28842163085938
v -145.11880493164062 -0.22203660011291504 -85.88739776611328
v -145.09368896484375 -1.6197795867919922 -85.87091064453125
v -147.51649475097656 -1.619567632675171 -84.25511169433594
v -143.10211181640625 -0.24126553535461426 -92.88761901855469
v -143.59127807617188 -0.24126553535461426 -96.5332260131836
v -143.56192016601562 -1.619835376739502 -96.02056884765625
v -143.07235717773438 -1.619835376739502 -92.70154571533203
v -145.51834106445312 -0.24126553535461426 -88.94973754882812
v -143.41778564453125 -0.24126553535461426 -88.96438598632812
v -145.11880493164062 -0.22203660011291504 -85.88739776611328
v -147.03683471679688 -0.24126553535461426 -86.8768539428711
v -143.41778564453125 -0.24126553535461426 -88.96438598632812
v -143.3876495361328 -1.619835376739502 -88.96405029296875
v -145.51834106445312 -0.24126553535461426 -88.94973754882812
v -147.03683471679688 -0.24126553535461426 -86.8768539428711
v -147.05313110351562 -1.619589924812317 -86.89363098144531
v -145.57455444335938 -1.6196420192718506 -88.9700927734375
v -149.29067993164062 -0.24126553535461426 -89.14202880859375
v -149.29405212402344 -1.6194299459457397 -89.17870330810547
v -147.8647918701172 -1.6195378303527832 -88.90528869628906
v -147.89492797851562 -0.24126553535461426 -88.90560150146484
v -150.41162109375 -0.24126553535461426 -87.6373062133789
v -150.44444274902344 -1.619370460510254 -87.64376068115234
v -149.29405212402344 -1.6194299459457397 -89.17870330810547
v -149.29067993164062 -0.24126553535461426 -89.14202880859375
v -150.41162109375 -0.24126553535461426 -87.6373062133789
v -149.90090942382812 -0.22203660011291504 -84.06632232666016
v -149.91770935058594 -1.6193853616714478 -84.03296661376953
v -150.44444274902344 -1.619370460510254 -87.64376068115234
v -148.3262939453125 -0.24126553535461426 -86.13850402832031
v -148.31588745117188 -1.6195043325424194 -86.11177062988281
v -148.77972412109375 -1.6194671392440796 -86.00820922851562
v -148.8208465576172 -0.24126553535461426 -86.02484130859375
v -147.2545623779297 -1.6195824146270752 -87.73095703125
v -147.2847137451172 -0.24126553535461426 -87.73128509521484
v -148.2484130859375 -0.23219779133796692 -85.93104553222656
v -148.25146484375 -1.6195118427276611 -85.95125579833984
v -147.2847137451172 -0.24126553535461426 -87.73128509521484
v -147.2545623779297 -1.6195824146270752 -87.73095703125
v -147.68014526367188 -1.619552731513977 -86.65303802490234
v -147.7102813720703 -0.24126553535461426 -86.65335083007812
v -148.81341552734375 -0.23219779133796692 -85.89514923095703
v -148.77566528320312 -1.6194671392440796 -85.9254150390625
v -147.7102813720703 -0.24126553535461426 -86.65335083007812
v -147.68014526367188 -1.619552731513977 -86.65303802490234
v -148.8208465576172 -0.24126553535461426 -86.02484130859375
v -148.77972412109375 -1.6194671392440796 -86.00820922851562
v -148.77566528320312 -1.6194671392440796 -85.9254150390625
v -148.81341552734375 -0.23219779133796692 -85.89514923095703
v -147.5327606201172 -0.22203660011291504 -84.28842163085938
v -148.2484130859375 -0.23219779133796692 -85.93104553222656
v -150.41162109375 -0.24126553535461426 -87.6373062133789
v -149.29067993164062 -0.24126553535461426 -89.14202880859375
v -147.89492797851562 -0.24126553535461426 -88.90560150146484
v -147.2847137451172 -0.24126553535461426 -87.73128509521484
v -149.90090942382812 -0.22203660011291504 -84.06632232666016
v -148.81341552734375 -0.23219779133796692 -85.89514923095703
v -148.8208465576172 -0.24126553535461426 -86.02484130859375
v -147.7102813720703 -0.24126553535461426 -86.65335083007812
v -148.3262939453125 -0.24126553535461426 -86.13850402832031
v -149.91770935058594 -1.6193853616714478 -84.03296661376953
v -149.90090942382812 -0.22203660011291504 -84.06632232666016
v -145.35101318359375 -0.24126553535461426 -93.54847717285156
v -143.10211181640625 -0.24126553535461426 -92.88761901855469
v -143.10211181640625 -0.24126553535461426 -92.88761901855469
v -143.07235717773438 -1.619835376739502 -92.70154571533203
v -145.4007568359375 -1.6196271181106567 -93.56472778320312
v -145.35101318359375 -0.24126553535461426 -93.54847717285156
v -145.82095336914062 -1.619619607925415 -96.15433502197266
v -145.83609008789062 -0.24126553535461426 -96.75141143798828
v -145.83609008789062 -0.24126553535461426 -96.75141143798828
v -143.59127807617188 -0.24126553535461426 -96.5332260131836
v -146.593505859375 -0.24125808477401733 97.5539779663086
v -149.249267578125 -0.24125808477401733 102.9869155883789
v -150.55068969726562 -0.24125808477401733 104.288330078125
v -149.66049194335938 -0.24125808477401733 98.0008773803711
v -145.83607482910156 -0.24125808477401733 95.60738372802734
v -146.593505859375 -0.24125808477401733 97.5539779663086
v -146.70294189453125 -1.6196420192718506 97.20661163330078
v -145.82093811035156 -1.6196420192718506 95.01030731201172
v -149.66049194335938 -0.24125808477401733 98.0008773803711
v -150.55068969726562 -0.24125808477401733 104.288330078125
v -151.3109893798828 -1.6196420192718506 105.04859924316406
v -150.2743682861328 -1.6196420192718506 97.72702026367188
v -149.66049194335938 -0.24125808477401733 98.0008773803711
v -150.2743682861328 -1.6196420192718506 97.72702026367188
v -146.70294189453125 -1.6196420192718506 97.20661163330078
v -146.593505859375 -0.24125808477401733 97.5539779663086
v -141.53919982910156 -0.24125808477401733 95.27684783935547
v -145.83607482910156 -0.24125808477401733 95.60738372802734
v -145.82093811035156 -1.6196420192718506 95.01030731201172
v -140.86178588867188 -1.6196420192718506 94.59942626953125
v -148.02867126464844 -0.24125808477401733 101.76628875732422
v -145.76385498046875 -0.24125808477401733 97.15837860107422
v -144.7676239013672 0.30837714672088623 98.50523376464844
v -143.12777709960938 -0.24125808477401733 96.86539459228516
v -141.53919982910156 -0.24125808477401733 95.27684783935547
v -143.12777709960938 -0.24125808477401733 96.86539459228516
v -145.76385498046875 -0.24125808477401733 97.15837860107422
v -145.83607482910156 -0.24125808477401733 95.60738372802734
v -146.593505859375 -0.24125808477401733 97.5539779663086
v -148.02867126464844 -0.24125808477401733 101.76628875732422
v -143.8163604736328 -0.24125808477401733 100.33113098144531
v -144.2632598876953 -0.24125808477401733 103.39811706542969
v -141.86978149414062 -0.24125808477401733 99.57369995117188
v -141.272705078125 -1.6196420192718506 99.55854797363281
v -143.46900939941406 -1.6196420192718506 100.4405517578125
v -143.8163604736328 -0.24125808477401733 100.33113098144531
v -144.2632598876953 -0.24125808477401733 103.39811706542969
v -143.98941040039062 -1.6196420192718506 104.01200103759766
v -151.3109893798828 -1.6196420192718506 105.04859924316406
v -150.55068969726562 -0.24125808477401733 104.288330078125
v -144.2632598876953 -0.24125808477401733 103.39811706542969
v -143.8163604736328 -0.24125808477401733 100.33113098144531
v -143.46900939941406 -1.6196420192718506 100.4405517578125
v -143.98941040039062 -1.6196420192718506 104.01200103759766
v -141.53919982910156 -0.24125808477401733 95.27684783935547
v -140.86178588867188 -1.6196420192718506 94.59942626953125
v -141.272705078125 -1.6196420192718506 99.55854797363281
v -141.86978149414062 -0.24125808477401733 99.57369995117188
v -148.02867126464844 -0.24125808477401733 101.76628875732422
v -144.7676239013672 0.30837714672088623 98.50523376464844
v -143.42076110839844 -0.24125808477401733 99.50148010253906
v -143.12777709960938 -0.24125808477401733 96.86539459228516
v -141.86978149414062 -0.24125808477401733 99.57369995117188
v -143.42076110839844 -0.24125808477401733 99.50148010253906
v -143.8163604736328 -0.24125808477401733 100.33113098144531
v -149.249267578125 -0.24125808477401733 102.9869155883789
v -129.40679931640625 -0.22203660011291504 101.27040100097656
v -131.00575256347656 -0.22203660011291504 98.85641479492188
v -130.98927307128906 -1.6197795867919922 98.83130645751953
v -129.37347412109375 -1.619567632675171 101.25411224365234
v -138.0059814453125 -0.24126553535461426 96.83972930908203
v -141.71636962890625 -0.24126553535461426 97.3288803100586
v -141.15943908691406 -1.619835376739502 97.29952239990234
v -137.81991577148438 -1.619835376739502 96.80997467041016
v -134.06809997558594 -0.24126553535461426 99.25595092773438
v -134.08274841308594 -0.24126553535461426 97.1554183959961
v -131.00575256347656 -0.22203660011291504 98.85641479492188
v -131.99522399902344 -0.24126553535461426 100.77445220947266
v -134.08274841308594 -0.24126553535461426 97.1554183959961
v -134.08241271972656 -1.619835376739502 97.1252670288086
v -134.06809997558594 -0.24126553535461426 99.25595092773438
v -131.99522399902344 -0.24126553535461426 100.77445220947266
v -132.0120086669922 -1.619589924812317 100.79076385498047
v -134.0884552001953 -1.6196420192718506 99.31217956542969
v -134.26040649414062 -0.24126553535461426 103.02831268310547
v -134.2970733642578 -1.6194262504577637 103.03166961669922
v -134.02365112304688 -1.6195378303527832 101.60240173339844
v -134.0239715576172 -0.24126553535461426 101.63255310058594
v -132.75567626953125 -0.24126553535461426 104.14923095703125
v -132.76211547851562 -1.6193667650222778 104.18206787109375
v -134.2970733642578 -1.6194262504577637 103.03166961669922
v -134.26040649414062 -0.24126553535461426 103.02831268310547
v -132.75567626953125 -0.24126553535461426 104.14923095703125
v -129.18768310546875 -0.22203660011291504 103.58538055419922
v -129.1543426513672 -1.6193853616714478 103.60218048095703
v -132.76211547851562 -1.6193667650222778 104.18206787109375
v -131.25686645507812 -0.24126553535461426 102.06391906738281
v -131.23013305664062 -1.6195043325424194 102.05349731445312
v -131.12655639648438 -1.6194671392440796 102.5173568725586
v -131.14320373535156 -0.24126553535461426 102.5584716796875
v -132.8493194580078 -1.6195824146270752 100.99219512939453
v -132.8496551513672 -0.24126553535461426 101.02234649658203
v -131.04940795898438 -0.23219779133796692 101.98603057861328
v -131.06961059570312 -1.6195118427276611 101.98908996582031
v -132.8496551513672 -0.24126553535461426 101.02234649658203
v -132.8493194580078 -1.6195824146270752 100.99219512939453
v -131.7714080810547 -1.619552731513977 101.41777038574219
v -131.771728515625 -0.24126553535461426 101.44792175292969
v -131.01351928710938 -0.23219779133796692 102.55104064941406
v -131.04379272460938 -1.6194671392440796 102.5132827758789
v -131.771728515625 -0.24126553535461426 101.44792175292969
v -131.7714080810547 -1.619552731513977 101.41777038574219
v -131.14320373535156 -0.24126553535461426 102.5584716796875
v -131.12655639648438 -1.6194671392440796 102.5173568725586
v -131.04379272460938 -1.6194671392440796 102.5132827758789
v -131.01351928710938 -0.23219779133796692 102.55104064941406
v -129.40679931640625 -0.22203660011291504 101.27040100097656
v -131.04940795898438 -0.23219779133796692 101.98603057861328
v -132.75567626953125 -0.24126553535461426 104.14923095703125
v -134.26040649414062 -0.24126553535461426 103.02831268310547
v -134.0239715576172 -0.24126553535461426 101.63255310058594
v -132.8496551513672 -0.24126553535461426 101.02234649658203
v -129.18768310546875 -0.22203660011291504 103.58538055419922
v -131.01351928710938 -0.23219779133796692 102.55104064941406
v -131.14320373535156 -0.24126553535461426 102.5584716796875
v -131.771728515625 -0.24126553535461426 101.44792175292969
v -131.25686645507812 -0.24126553535461426 102.06391906738281
v -129.1543426513672 -1.6193853616714478 103.60218048095703
v -129.18768310546875 -0.22203660011291504 103.58538055419922
v -138.25836181640625 -0.24126553535461426 98.9224853515625
v -138.0059814453125 -0.24126553535461426 96.83972930908203
v -138.0059814453125 -0.24126553535461426 96.83972930908203
v -137.81991577148438 -1.619835376739502 96.80997467041016
v -138.2746124267578 -1.6196271181106567 98.97222900390625
v -138.25836181640625 -0.24126553535461426 98.9224853515625
v -141.272705078125 -1.619619607925415 99.55854797363281
v -141.86978149414062 -0.24126553535461426 99.57369232177734
v -141.86978149414062 -0.24126553535461426 99.57369232177734
v -141.71636962890625 -0.24126553535461426 97.3288803100586
v -147.5327911376953 -0.22203660011291504 83.14440155029297
v -147.51651000976562 -1.619567632675171 83.11109161376953
v -145.0937042236328 -1.6197795867919922 84.72688293457031
v -145.11880493164062 -0.22203660011291504 84.74337005615234
v -143.1021270751953 -0.24126553535461426 91.74358367919922
v -143.07237243652344 -1.619835376739502 91.5575180053711
v -143.5618896484375 -1.619835376739502 95.1104507446289
v -143.5912628173828 -0.24126553535461426 95.43299102783203
v -145.5183563232422 -0.24126553535461426 87.80570220947266
v -147.03684997558594 -0.24126553535461426 85.73282623291016
v -145.11880493164062 -0.22203660011291504 84.74337005615234
v -143.4178009033203 -0.24126553535461426 87.82035827636719
v -143.4178009033203 -0.24126553535461426 87.82035827636719
v -143.3876495361328 -1.619835376739502 87.82002258300781
v -145.5183563232422 -0.24126553535461426 87.80570220947266
v -145.57456970214844 -1.6196420192718506 87.82605743408203
v -147.0531463623047 -1.619589924812317 85.74959564208984
v -147.03684997558594 -0.24126553535461426 85.73282623291016
v -149.2906951904297 -0.24126553535461426 87.99800872802734
v -147.8949432373047 -0.24126553535461426 87.7615737915039
v -147.86480712890625 -1.6195378303527832 87.76126098632812
v -149.2940673828125 -1.6194262504577637 88.03467559814453
v -150.41162109375 -0.24126553535461426 86.49327087402344
v -149.2906951904297 -0.24126553535461426 87.99800872802734
v -149.2940673828125 -1.6194262504577637 88.03467559814453
v -150.44447326660156 -1.6193667650222778 86.49972534179688
v -150.41162109375 -0.24126553535461426 86.49327087402344
v -150.44447326660156 -1.6193667650222778 86.49972534179688
v -149.917724609375 -1.6193853616714478 82.88893127441406
v -149.90093994140625 -0.22203660011291504 82.92227935791016
v -148.32630920410156 -0.24126553535461426 84.99446868896484
v -148.82086181640625 -0.24126553535461426 84.88080596923828
v -148.77975463867188 -1.6194671392440796 84.86417388916016
v -148.31590270996094 -1.6195043325424194 84.96773529052734
v -147.28472900390625 -0.24126553535461426 86.58724975585938
v -147.2545928955078 -1.6195824146270752 86.5869369506836
v -148.25148010253906 -1.6195118427276611 84.8072280883789
v -148.24842834472656 -0.23219779133796692 84.7870101928711
v -147.28472900390625 -0.24126553535461426 86.58724975585938
v -147.71031188964844 -0.24126553535461426 85.50933074951172
v -147.68016052246094 -1.619552731513977 85.50900268554688
v -147.2545928955078 -1.6195824146270752 86.5869369506836
v -148.8134307861328 -0.23219779133796692 84.7511215209961
v -148.7756805419922 -1.6194671392440796 84.78137969970703
v -147.71031188964844 -0.24126553535461426 85.50933074951172
v -147.68016052246094 -1.619552731513977 85.50900268554688
v -148.82086181640625 -0.24126553535461426 84.88080596923828
v -148.8134307861328 -0.23219779133796692 84.7511215209961
v -148.7756805419922 -1.6194671392440796 84.78137969970703
v -148.77975463867188 -1.6194671392440796 84.86417388916016
v -148.24842834472656 -0.23219779133796692 84.7870101928711
v -147.5327911376953 -0.22203660011291504 83.14440155029297
v -150.41162109375 -0.24126553535461426 86.49327087402344
v -147.8949432373047 -0.24126553535461426 87.7615737915039
v -149.2906951904297 -0.24126553535461426 87.99800872802734
v -147.28472900390625 -0.24126553535461426 86.58724975585938
v -148.8134307861328 -0.23219779133796692 84.7511215209961
v -149.90093994140625 -0.22203660011291504 82.92227935791016
v -148.82086181640625 -0.24126553535461426 84.88080596923828
v -148.32630920410156 -0.24126553535461426 84.99446868896484
v -147.71031188964844 -0.24126553535461426 85.50933074951172
v -149.90093994140625 -0.22203660011291504 82.92227935791016
v -149.917724609375 -1.6193853616714478 82.88893127441406
v -143.1021270751953 -0.24126553535461426 91.74358367919922
v -145.1848907470703 -0.24126553535461426 91.99596405029297
v -143.07237243652344 -1.619835376739502 91.5575180053711
v -143.1021270751953 -0.24126553535461426 91.74358367919922
v -145.234619140625 -1.6196271181106567 92.01222229003906
v -145.1848907470703 -0.24126553535461426 91.99596405029297
v -145.8209228515625 -1.619619607925415 95.01030731201172
v -145.83607482910156 -0.24126553535461426 95.60737609863281
v -145.83607482910156 -0.24126553535461426 95.60737609863281
v -143.5912628173828 -0.24126553535461426 95.43299102783203
v 147.8055419921875 -0.24125808477401733 -98.6979751586914
v 150.46128845214844 -0.24125808477401733 -104.13091278076172
v 151.76272583007812 -0.24125808477401733 -105.43231964111328
v 150.87252807617188 -0.24125808477401733 -99.1448745727539
v 147.04811096191406 -0.24125808477401733 -96.75138092041016
v 147.8055419921875 -0.24125808477401733 -98.6979751586914
v 147.91497802734375 -1.6196420192718506 -98.35060119628906
v 147.03297424316406 -1.6196420192718506 -96.154296875
v 150.87252807617188 -0.24125808477401733 -99.1448745727539
v 151.76272583007812 -0.24125808477401733 -105.43231964111328
v 152.5230255126953 -1.6196420192718506 -106.19259643554688
v 151.4864044189453 -1.6196420192718506 -98.87100982666016
v 150.87252807617188 -0.24125808477401733 -99.1448745727539
v 151.4864044189453 -1.6196420192718506 -98.87100982666016
v 147.91497802734375 -1.6196420192718506 -98.35060119628906
v 147.8055419921875 -0.24125808477401733 -98.6979751586914
v 142.75123596191406 -0.24125808477401733 -96.42084503173828
v 147.04811096191406 -0.24125808477401733 -96.75138092041016
v 147.03297424316406 -1.6196420192718506 -96.154296875
v 142.07382202148438 -1.6196420192718506 -95.74341583251953
v 149.24070739746094 -0.24125808477401733 -102.9102783203125
v 146.97589111328125 -0.24125808477401733 -98.3023681640625
v 145.9796600341797 0.30837714672088623 -99.64923095703125
v 144.33981323242188 -0.24125808477401733 -98.00939178466797
v 142.75123596191406 -0.24125808477401733 -96.42084503173828
v 144.33981323242188 -0.24125808477401733 -98.00939178466797
v 146.97589111328125 -0.24125808477401733 -98.3023681640625
v 147.04811096191406 -0.24125808477401733 -96.75138092041016
v 147.8055419921875 -0.24125808477401733 -98.6979751586914
v 149.24070739746094 -0.24125808477401733 -102.9102783203125
v 145.0283966064453 -0.24125808477401733 -101.4751205444336
v 145.4752960205078 -0.24125808477401733 -104.5421142578125
v 143.08181762695312 -0.24125808477401733 -100.71769714355469
v 142.4847412109375 -1.6196420192718506 -100.70254516601562
v 144.68104553222656 -1.6196420192718506 -101.58454132080078
v 145.0283966064453 -0.24125808477401733 -101.4751205444336
v 145.4752960205078 -0.24125808477401733 -104.5421142578125
v 145.20144653320312 -1.6196420192718506 -105.15599822998047
v 152.5230255126953 -1.6196420192718506 -106.19259643554688
v 151.76272583007812 -0.24125808477401733 -105.43231964111328
v 145.4752960205078 -0.24125808477401733 -104.5421142578125
v 145.0283966064453 -0.24125808477401733 -101.4751205444336
v 144.68104553222656 -1.6196420192718506 -101.58454132080078
v 145.20144653320312 -1.6196420192718506 -105.15599822998047
v 142.75123596191406 -0.24125808477401733 -96.42084503173828
v 142.07382202148438 -1.6196420192718506 -95.74341583251953
v 142.4847412109375 -1.6196420192718506 -100.70254516601562
v 143.08181762695312 -0.24125808477401733 -100.71769714355469
v 149.24070739746094 -0.24125808477401733 -102.9102783203125
v 145.9796600341797 0.30837714672088623 -99.64923095703125
v 144.6328125 -0.24125808477401733 -100.64546966552734
v 144.33981323242188 -0.24125808477401733 -98.00939178466797
v 143.08181762695312 -0.24125808477401733 -100.71769714355469
v 144.6328125 -0.24125808477401733 -100.64546966552734
v 145.0283966064453 -0.24125808477401733 -101.4751205444336
v 150.46128845214844 -0.24125808477401733 -104.13091278076172
v 130.61883544921875 -0.22203660011291504 -102.41439056396484
v 132.21780395507812 -0.22203660011291504 -100.00040435791016
v 132.20130920410156 -1.6197795867919922 -99.97530364990234
v 130.5855255126953 -1.619567632675171 -102.39810180664062
v 139.21803283691406 -0.24126553535461426 -98.05388641357422
v 142.92007446289062 -0.24126553535461426 -98.47286987304688
v 142.4074249267578 -1.619835376739502 -98.44351196289062
v 139.03195190429688 -1.619835376739502 -98.02413177490234
v 135.2801513671875 -0.24126553535461426 -100.39994812011719
v 135.29478454589844 -0.24126553535461426 -98.4239730834961
v 132.21780395507812 -0.22203660011291504 -100.00040435791016
v 133.20726013183594 -0.24126553535461426 -101.91844177246094
v 135.29478454589844 -0.24126553535461426 -98.4239730834961
v 135.29446411132812 -1.619835376739502 -98.39382934570312
v 135.2801513671875 -0.24126553535461426 -100.39994812011719
v 133.20726013183594 -0.24126553535461426 -101.91844177246094
v 133.2240447998047 -1.619589924812317 -101.93475341796875
v 135.30050659179688 -1.6196420192718506 -100.4561767578125
v 135.47244262695312 -0.24126553535461426 -104.17230224609375
v 135.5091094970703 -1.6194262504577637 -104.1756591796875
v 135.23568725585938 -1.6195378303527832 -102.74639892578125
v 135.2360076904297 -0.24126553535461426 -102.77654266357422
v 133.9676971435547 -0.24126553535461426 -105.29322052001953
v 133.97415161132812 -1.6193667650222778 -105.32605743408203
v 135.5091094970703 -1.6194262504577637 -104.1756591796875
v 135.47244262695312 -0.24126553535461426 -104.17230224609375
v 133.9676971435547 -0.24126553535461426 -105.29322052001953
v 130.39971923828125 -0.22203660011291504 -104.7293701171875
v 130.3663787841797 -1.6193816661834717 -104.74617004394531
v 133.97415161132812 -1.6193667650222778 -105.32605743408203
v 132.4689178466797 -0.24126553535461426 -103.20791625976562
v 132.4421844482422 -1.6195043325424194 -103.19749450683594
v 132.33860778808594 -1.6194671392440796 -103.6613540649414
v 132.35525512695312 -0.24126553535461426 -103.70246887207031
v 134.06137084960938 -1.6195824146270752 -102.13618469238281
v 134.0616912841797 -0.24126553535461426 -102.16633605957031
v 132.26144409179688 -0.23219779133796692 -103.13002014160156
v 132.28164672851562 -1.6195118427276611 -103.1330795288086
v 134.0616912841797 -0.24126553535461426 -102.16633605957031
v 134.06137084960938 -1.6195824146270752 -102.13618469238281
v 132.9834442138672 -1.619552731513977 -102.56175994873047
v 132.9837646484375 -0.24126553535461426 -102.59191131591797
v 132.22557067871094 -0.23219779133796692 -103.69503784179688
v 132.25582885742188 -1.6194671392440796 -103.65727233886719
v 132.9837646484375 -0.24126553535461426 -102.59191131591797
v 132.9834442138672 -1.619552731513977 -102.56175994873047
v 132.35525512695312 -0.24126553535461426 -103.70246887207031
v 132.33860778808594 -1.6194671392440796 -103.6613540649414
v 132.25582885742188 -1.6194671392440796 -103.65727233886719
v 132.22557067871094 -0.23219779133796692 -103.69503784179688
v 130.61883544921875 -0.22203660011291504 -102.41439056396484
v 132.26144409179688 -0.23219779133796692 -103.13002014160156
v 133.9676971435547 -0.24126553535461426 -105.29322052001953
v 135.47244262695312 -0.24126553535461426 -104.17230224609375
v 135.2360076904297 -0.24126553535461426 -102.77654266357422
v 134.0616912841797 -0.24126553535461426 -102.16633605957031
v 130.39971923828125 -0.22203660011291504 -104.7293701171875
v 132.22557067871094 -0.23219779133796692 -103.69503784179688
v 132.35525512695312 -0.24126553535461426 -103.70246887207031
v 132.9837646484375 -0.24126553535461426 -102.59191131591797
v 132.4689178466797 -0.24126553535461426 -103.20791625976562
v 130.3663787841797 -1.6193816661834717 -104.74617004394531
v 130.39971923828125 -0.22203660011291504 -104.7293701171875
v 139.47039794921875 -0.24126553535461426 -100.06647491455078
v 139.21803283691406 -0.24126553535461426 -98.05388641357422
v 139.21803283691406 -0.24126553535461426 -98.05388641357422
v 139.03195190429688 -1.619835376739502 -98.02413177490234
v 139.4866485595703 -1.6196271181106567 -100.11621856689453
v 139.47039794921875 -0.24126553535461426 -100.06647491455078
v 142.4847412109375 -1.619619607925415 -100.70254516601562
v 143.08181762695312 -0.24126553535461426 -100.71768951416016
v 143.08181762695312 -0.24126553535461426 -100.71768951416016
v 142.92007446289062 -0.24126553535461426 -98.47286987304688
v 148.7448272705078 -0.22203660011291504 -84.41397094726562
v 148.72854614257812 -1.619567632675171 -84.38066101074219
v 146.3057403564453 -1.6197795867919922 -85.8708724975586
v 146.33084106445312 -0.22203660011291504 -85.88735961914062
v 144.40158081054688 -0.24126553535461426 -92.8875732421875
v 144.371826171875 -1.619835376739502 -92.70150756835938
v 144.77392578125 -1.619835376739502 -96.0713882446289
v 144.8032989501953 -0.24126553535461426 -96.58403778076172
v 146.7303924560547 -0.24126553535461426 -88.94969940185547
v 148.24888610839844 -0.24126553535461426 -86.87681579589844
v 146.33084106445312 -0.22203660011291504 -85.88735961914062
v 144.71726989746094 -0.24126553535461426 -88.96434783935547
v 144.71726989746094 -0.24126553535461426 -88.96434783935547
v 144.68710327148438 -1.619835376739502 -88.9640121459961
v 146.7303924560547 -0.24126553535461426 -88.94969940185547
v 146.78660583496094 -1.6196420192718506 -88.97004699707031
v 148.26519775390625 -1.619589924812317 -86.89359283447266
v 148.24888610839844 -0.24126553535461426 -86.87681579589844
v 150.50274658203125 -0.24126553535461426 -89.14199829101562
v 149.1069793701172 -0.24126553535461426 -88.90556335449219
v 149.0768280029297 -1.6195378303527832 -88.9052505493164
v 150.506103515625 -1.6194262504577637 -89.17866516113281
v 151.6236572265625 -0.24126553535461426 -87.63726043701172
v 150.50274658203125 -0.24126553535461426 -89.14199829101562
v 150.506103515625 -1.6194262504577637 -89.17866516113281
v 151.656494140625 -1.6193667650222778 -87.64372253417969
v 151.6236572265625 -0.24126553535461426 -87.63726043701172
v 151.656494140625 -1.6193667650222778 -87.64372253417969
v 151.1297607421875 -1.6193816661834717 -84.03292846679688
v 151.1129608154297 -0.22203660011291504 -84.06627655029297
v 149.53834533691406 -0.24126553535461426 -86.13845825195312
v 150.03289794921875 -0.24126553535461426 -86.02479553222656
v 149.9917755126953 -1.6194671392440796 -86.00816345214844
v 149.52793884277344 -1.6195043325424194 -86.11172485351562
v 148.4967803955078 -0.24126553535461426 -87.73123931884766
v 148.46661376953125 -1.6195824146270752 -87.7309341430664
v 149.46351623535156 -1.6195118427276611 -85.95121765136719
v 149.46044921875 -0.23219779133796692 -85.9310073852539
v 148.4967803955078 -0.24126553535461426 -87.73123931884766
v 148.92233276367188 -0.24126553535461426 -86.6533203125
v 148.89219665527344 -1.619552731513977 -86.65299224853516
v 148.46661376953125 -1.6195824146270752 -87.7309341430664
v 150.0254669189453 -0.23219779133796692 -85.89511108398438
v 149.9877166748047 -1.6194671392440796 -85.92537689208984
v 148.92233276367188 -0.24126553535461426 -86.6533203125
v 148.89219665527344 -1.619552731513977 -86.65299224853516
v 150.03289794921875 -0.24126553535461426 -86.02479553222656
v 150.0254669189453 -0.23219779133796692 -85.89511108398438
v 149.9877166748047 -1.6194671392440796 -85.92537689208984
v 149.9917755126953 -1.6194671392440796 -86.00816345214844
v 149.46044921875 -0.23219779133796692 -85.9310073852539
v 148.7448272705078 -0.22203660011291504 -84.41397094726562
v 151.6236572265625 -0.24126553535461426 -87.63726043701172
v 149.1069793701172 -0.24126553535461426 -88.90556335449219
v 150.50274658203125 -0.24126553535461426 -89.14199829101562
v 148.4967803955078 -0.24126553535461426 -87.73123931884766
v 150.0254669189453 -0.23219779133796692 -85.89511108398438
v 151.1129608154297 -0.22203660011291504 -84.06627655029297
v 150.03289794921875 -0.24126553535461426 -86.02479553222656
v 149.53834533691406 -0.24126553535461426 -86.13845825195312
v 148.92233276367188 -0.24126553535461426 -86.6533203125
v 151.1129608154297 -0.22203660011291504 -84.06627655029297
v 151.1297607421875 -1.6193816661834717 -84.03292846679688
v 144.40158081054688 -0.24126553535461426 -92.8875732421875
v 146.39691162109375 -0.24126553535461426 -93.13995361328125
v 144.371826171875 -1.619835376739502 -92.70150756835938
v 144.40158081054688 -0.24126553535461426 -92.8875732421875
v 146.4466552734375 -1.6196271181106567 -93.15620422363281
v 146.39691162109375 -0.24126553535461426 -93.13995361328125
v 147.032958984375 -1.619619607925415 -96.15430450439453
v 147.04811096191406 -0.24126553535461426 -96.7513656616211
v 147.04811096191406 -0.24126553535461426 -96.7513656616211
v 144.8032989501953 -0.24126553535461426 -96.58403778076172
v 147.80551147460938 -0.24125808477401733 97.55400848388672
v 150.87249755859375 -0.24125808477401733 98.0008773803711
v 151.76271057128906 -0.24125808477401733 104.288330078125
v 150.4612579345703 -0.24125808477401733 102.9869155883789
v 147.04811096191406 -0.24125808477401733 95.60741424560547
v 147.03297424316406 -1.6196420192718506 95.01033782958984
v 147.91494750976562 -1.6196420192718506 97.20664978027344
v 147.80551147460938 -0.24125808477401733 97.55400848388672
v 150.87249755859375 -0.24125808477401733 98.0008773803711
v 151.4863739013672 -1.6196420192718506 97.7270278930664
v 152.5229949951172 -1.6196420192718506 105.04863739013672
v 151.76271057128906 -0.24125808477401733 104.288330078125
v 150.87249755859375 -0.24125808477401733 98.0008773803711
v 147.80551147460938 -0.24125808477401733 97.55400848388672
v 147.91494750976562 -1.6196420192718506 97.20664978027344
v 151.4863739013672 -1.6196420192718506 97.7270278930664
v 142.75123596191406 -0.24125808477401733 95.2768783569336
v 142.07382202148438 -1.6196420192718506 94.59945678710938
v 147.03297424316406 -1.6196420192718506 95.01033782958984
v 147.04811096191406 -0.24125808477401733 95.60741424560547
v 149.2406768798828 -0.24125808477401733 101.76631927490234
v 145.97962951660156 0.30837714672088623 98.50526428222656
v 146.97586059570312 -0.24125808477401733 97.15840911865234
v 144.33978271484375 -0.24125808477401733 96.86542510986328
v 142.75123596191406 -0.24125808477401733 95.2768783569336
v 147.04811096191406 -0.24125808477401733 95.60741424560547
v 146.97586059570312 -0.24125808477401733 97.15840911865234
v 144.33978271484375 -0.24125808477401733 96.86542510986328
v 147.80551147460938 -0.24125808477401733 97.55400848388672
v 149.2406768798828 -0.24125808477401733 101.76631927490234
v 145.0283660888672 -0.24125808477401733 100.33116149902344
v 145.47525024414062 -0.24125808477401733 103.39815521240234
v 143.081787109375 -0.24125808477401733 99.57373046875
v 145.0283660888672 -0.24125808477401733 100.33116149902344
v 144.6810302734375 -1.6196420192718506 100.44058227539062
v 142.48471069335938 -1.6196420192718506 99.55857849121094
v 145.47525024414062 -0.24125808477401733 103.39815521240234
v 151.76271057128906 -0.24125808477401733 104.288330078125
v 152.5229949951172 -1.6196420192718506 105.04863739013672
v 145.201416015625 -1.6196420192718506 104.01203155517578
v 145.47525024414062 -0.24125808477401733 103.39815521240234
v 145.201416015625 -1.6196420192718506 104.01203155517578
v 144.6810302734375 -1.6196420192718506 100.44058227539062
v 145.0283660888672 -0.24125808477401733 100.33116149902344
v 142.75123596191406 -0.24125808477401733 95.2768783569336
v 143.081787109375 -0.24125808477401733 99.57373046875
v 142.48471069335938 -1.6196420192718506 99.55857849121094
v 142.07382202148438 -1.6196420192718506 94.59945678710938
v 149.2406768798828 -0.24125808477401733 101.76631927490234
v 144.6327667236328 -0.24125808477401733 99.50151062011719
v 145.97962951660156 0.30837714672088623 98.50526428222656
v 144.33978271484375 -0.24125808477401733 96.86542510986328
v 144.6327667236328 -0.24125808477401733 99.50151062011719
v 143.081787109375 -0.24125808477401733 99.57373046875
v 145.0283660888672 -0.24125808477401733 100.33116149902344
v 150.4612579345703 -0.24125808477401733 102.9869155883789
v 130.61880493164062 -0.22203660011291504 101.27043151855469
v 130.5854949951172 -1.619567632675171 101.25414276123047
v 132.20127868652344 -1.6197795867919922 98.83134460449219
v 132.2177734375 -0.22203660011291504 98.85645294189453
v 139.21800231933594 -0.24126553535461426 96.83975982666016
v 139.03192138671875 -1.619835376739502 96.81000518798828
v 142.3509521484375 -1.619835376739502 97.29955291748047
v 142.8636016845703 -0.24126553535461426 97.32891845703125
v 135.28012084960938 -0.24126553535461426 99.2559814453125
v 133.2072296142578 -0.24126553535461426 100.77448272705078
v 132.2177734375 -0.22203660011291504 98.85645294189453
v 135.2947540283203 -0.24126553535461426 97.15544891357422
v 135.2947540283203 -0.24126553535461426 97.15544891357422
v 135.29443359375 -1.619835376739502 97.12529754638672
v 135.28012084960938 -0.24126553535461426 99.2559814453125
v 135.30047607421875 -1.6196420192718506 99.31221008300781
v 133.2239990234375 -1.619589924812317 100.7907943725586
v 133.2072296142578 -0.24126553535461426 100.77448272705078
v 135.472412109375 -0.24126553535461426 103.0283432006836
v 135.23597717285156 -0.24126553535461426 101.63258361816406
v 135.23565673828125 -1.6195378303527832 101.60243225097656
v 135.5090789794922 -1.6194262504577637 103.03170013427734
v 133.96766662597656 -0.24126553535461426 104.14926147460938
v 135.472412109375 -0.24126553535461426 103.0283432006836
v 135.5090789794922 -1.6194262504577637 103.03170013427734
v 133.97412109375 -1.6193667650222778 104.18209838867188
v 133.96766662597656 -0.24126553535461426 104.14926147460938
v 133.97412109375 -1.6193667650222778 104.18209838867188
v 130.36634826660156 -1.6193853616714478 103.60220336914062
v 130.39968872070312 -0.22203660011291504 103.58541870117188
v 132.4688720703125 -0.24126553535461426 102.06394958496094
v 132.35520935058594 -0.24126553535461426 102.55850219726562
v 132.3385772705078 -1.6194671392440796 102.51738739013672
v 132.44215393066406 -1.6195043325424194 102.05352783203125
v 134.06166076660156 -0.24126553535461426 101.02237701416016
v 134.06134033203125 -1.6195824146270752 100.99222564697266
v 132.2816162109375 -1.6195118427276611 101.98912048339844
v 132.26141357421875 -0.23219779133796692 101.9860610961914
v 134.06166076660156 -0.24126553535461426 101.02237701416016
v 132.98373413085938 -0.24126553535461426 101.44794464111328
v 132.98341369628906 -1.619552731513977 101.41780090332031
v 134.06134033203125 -1.6195824146270752 100.99222564697266
v 132.22552490234375 -0.23219779133796692 102.55107116699219
v 132.25579833984375 -1.6194671392440796 102.51332092285156
v 132.98373413085938 -0.24126553535461426 101.44794464111328
v 132.98341369628906 -1.619552731513977 101.41780090332031
v 132.35520935058594 -0.24126553535461426 102.55850219726562
v 132.22552490234375 -0.23219779133796692 102.55107116699219
v 132.25579833984375 -1.6194671392440796 102.51332092285156
v 132.3385772705078 -1.6194671392440796 102.51738739013672
v 132.26141357421875 -0.23219779133796692 101.9860610961914
v 130.61880493164062 -0.22203660011291504 101.27043151855469
v 133.96766662597656 -0.24126553535461426 104.14926147460938
v 135.23597717285156 -0.24126553535461426 101.63258361816406
v 135.472412109375 -0.24126553535461426 103.0283432006836
v 134.06166076660156 -0.24126553535461426 101.02237701416016
v 132.22552490234375 -0.23219779133796692 102.55107116699219
v 130.39968872070312 -0.22203660011291504 103.58541870117188
v 132.35520935058594 -0.24126553535461426 102.55850219726562
v 132.4688720703125 -0.24126553535461426 102.06394958496094
v 132.98373413085938 -0.24126553535461426 101.44794464111328
v 130.39968872070312 -0.22203660011291504 103.58541870117188
v 130.36634826660156 -1.6193853616714478 103.60220336914062
v 139.21800231933594 -0.24126553535461426 96.83975982666016
v 139.47036743164062 -0.24126553535461426 98.92251586914062
v 139.03192138671875 -1.619835376739502 96.81000518798828
v 139.21800231933594 -0.24126553535461426 96.83975982666016
v 139.4866180419922 -1.6196271181106567 98.97225952148438
v 139.47036743164062 -0.24126553535461426 98.92251586914062
v 142.48471069335938 -1.619619607925415 99.55857849121094
v 143.081787109375 -0.24126553535461426 99.57372283935547
v 143.081787109375 -0.24126553535461426 99.57372283935547
v 142.8636016845703 -0.24126553535461426 97.32891845703125
v 148.74481201171875 -0.22203660011291504 83.1444320678711
v 146.33084106445312 -0.22203660011291504 84.743408203125
v 146.30572509765625 -1.6197795867919922 84.72691345214844
v 148.72853088378906 -1.619567632675171 83.11112213134766
v 144.3141326904297 -0.24126553535461426 91.7436294555664
v 144.80331420898438 -0.24126553535461426 95.38923645019531
v 144.77395629882812 -1.619835376739502 94.87657928466797
v 144.2843780517578 -1.619835376739502 91.55755615234375
v 146.73036193847656 -0.24126553535461426 87.80574798583984
v 144.6298370361328 -0.24126553535461426 87.82039642333984
v 146.33084106445312 -0.22203660011291504 84.743408203125
v 148.2488555908203 -0.24126553535461426 85.73286437988281
v 144.6298370361328 -0.24126553535461426 87.82039642333984
v 144.5996856689453 -1.619835376739502 87.82006072998047
v 146.73036193847656 -0.24126553535461426 87.80574798583984
v 148.2488555908203 -0.24126553535461426 85.73286437988281
v 148.2651824951172 -1.619589924812317 85.7496337890625
v 146.78659057617188 -1.6196420192718506 87.82610321044922
v 150.5027313232422 -0.24126553535461426 87.99803924560547
v 150.50608825683594 -1.6194262504577637 88.03471374511719
v 149.07681274414062 -1.6195378303527832 87.76129150390625
v 149.10696411132812 -0.24126553535461426 87.76160430908203
v 151.6236572265625 -0.24126553535461426 86.49331665039062
v 151.65647888183594 -1.6193667650222778 86.49976348876953
v 150.50608825683594 -1.6194262504577637 88.03471374511719
v 150.5027313232422 -0.24126553535461426 87.99803924560547
v 151.6236572265625 -0.24126553535461426 86.49331665039062
v 151.11294555664062 -0.22203660011291504 82.92232513427734
v 151.12974548339844 -1.6193853616714478 82.88896942138672
v 151.65647888183594 -1.6193667650222778 86.49976348876953
v 149.538330078125 -0.24126553535461426 84.99451446533203
v 149.52792358398438 -1.6195043325424194 84.96778106689453
v 149.99176025390625 -1.6194671392440796 84.86421966552734
v 150.0328826904297 -0.24126553535461426 84.88085174560547
v 148.4665985107422 -1.6195824146270752 86.58696746826172
v 148.49676513671875 -0.24126553535461426 86.58729553222656
v 149.46043395996094 -0.23219779133796692 84.78704833984375
v 149.4635009765625 -1.6195118427276611 84.80725860595703
v 148.49676513671875 -0.24126553535461426 86.58729553222656
v 148.4665985107422 -1.6195824146270752 86.58696746826172
v 148.89218139648438 -1.619552731513977 85.50904846191406
v 148.9223175048828 -0.24126553535461426 85.50936126708984
v 150.02545166015625 -0.23219779133796692 84.75115966796875
v 149.98770141601562 -1.6194671392440796 84.78141784667969
v 148.9223175048828 -0.24126553535461426 85.50936126708984
v 148.89218139648438 -1.619552731513977 85.50904846191406
v 150.0328826904297 -0.24126553535461426 84.88085174560547
v 149.99176025390625 -1.6194671392440796 84.86421966552734
v 149.98770141601562 -1.6194671392440796 84.78141784667969
v 150.02545166015625 -0.23219779133796692 84.75115966796875
v 148.74481201171875 -0.22203660011291504 83.1444320678711
v 149.46043395996094 -0.23219779133796692 84.78704833984375
v 151.6236572265625 -0.24126553535461426 86.49331665039062
v 150.5027313232422 -0.24126553535461426 87.99803924560547
v 149.10696411132812 -0.24126553535461426 87.76160430908203
v 148.49676513671875 -0.24126553535461426 86.58729553222656
v 151.11294555664062 -0.22203660011291504 82.92232513427734
v 150.02545166015625 -0.23219779133796692 84.75115966796875
v 150.0328826904297 -0.24126553535461426 84.88085174560547
v 148.9223175048828 -0.24126553535461426 85.50936126708984
v 149.538330078125 -0.24126553535461426 84.99451446533203
v 151.12974548339844 -1.6193853616714478 82.88896942138672
v 151.11294555664062 -0.22203660011291504 82.92232513427734
v 146.3968963623047 -0.24126553535461426 91.99600219726562
v 144.3141326904297 -0.24126553535461426 91.7436294555664
v 144.3141326904297 -0.24126553535461426 91.7436294555664
v 144.2843780517578 -1.619835376739502 91.55755615234375
v 146.4466552734375 -1.6196271181106567 92.01225280761719
v 146.3968963623047 -0.24126553535461426 91.99600219726562
v 147.03298950195312 -1.619619607925415 95.0103530883789
v 147.04812622070312 -0.24126553535461426 95.60740661621094
v 147.04812622070312 -0.24126553535461426 95.60740661621094
v 144.80331420898438 -0.24126553535461426 95.38923645019531
vn -2.7785497422883054e-06 0.0 1.0
vn -2.7783419227489503e-06 0.0 1.0
vn -1.156968210125342e-06 0.0 1.0
vn -1.1569636626518331e-06 0.0 1.0
vn 1.0 2.307728230732664e-08 -7.165506303863367e-07
vn 1.0 2.3308178498382404e-08 -7.165469924075296e-07
vn 1.0 1.15359159724715e-10 -7.199726610451762e-07
vn 1.0 3.392184103057083e-11 -7.199741958174855e-07
vn -7.064274054613406e-09 1.0 9.976577786119378e-09
vn 8.93202489749001e-09 1.0 9.97657512158412e-09
vn 6.1099716397450266e-09 1.0 -2.6769612568311452e-11
vn -5.218116605476553e-09 1.0 -2.5369881542780526e-11
vn 1.0 5.673571834563518e-08 8.756263559916988e-05
vn 1.0 1.2076253774750967e-08 8.755722228670493e-05
vn 1.0 5.151056029717438e-05 -5.342386089068896e-07
vn 1.0 5.1624036132125184e-05 -5.338474693417083e-07
vn 2.800180254780571e-06 0.0 1.0
vn 2.8001800274068955e-06 0.0 1.0
vn -5.621347440865065e-07 5.490646132200183e-12 -1.0
vn -5.621347440865065e-07 -2.3044352952012077e-14 -1.0
vn -5.859241696271056e-07 1.6479145825698538e-09 -1.0
vn -5.859240559402679e-07 1.6588760365365829e-09 -1.0
vn 0.0 1.0 0.0
vn 2.1022346363697153e-10 1.0 7.833510608179495e-05
vn -4.5421472805173835e-07 1.0 7.834596908651292e-05
vn 0.0 1.0 0.0
vn 0.0 1.0 0.0
vn 0.0 1.0 0.0
vn 0.0 1.0 0.0
vn 0.0 1.0 0.0
vn -0.0001793521223589778 3.881950050299565e-08 -1.0
vn 7.95621526776813e-05 0.0 -1.0
vn 7.955093315104023e-05 0.0 -1.0
vn -0.00017933272465597838 0.0 -1.0
vn 9.658913040766492e-05 -1.9642795834329263e-08 1.0
vn 9.657759801484644e-05 -2.109968177214645e-15 1.0
vn 0.00019270076882094145 -4.8044016693893354e-06 1.0
vn 0.00019270129268988967 -4.844688191951718e-06 1.0
vn 8.988806143861439e-09 1.0 -1.005805394527215e-08
vn -7.12936421010113e-09 1.0 -1.0058031740811657e-08
vn 1.0 1.1555439414223656e-05 0.00017587706679478288
vn 1.0 1.1581876606214792e-05 0.00017587716865818948
vn -0.00043906079372391105 5.8827874454436824e-05 -0.9999999403953552
vn -0.0004391461261548102 5.857222276972607e-05 -0.9999999403953552
vn -4.7517776692984626e-05 -4.357463723181354e-09 1.0
vn -4.752216409542598e-05 1.2271031413213507e-11 1.0
vn -9.556861186865717e-05 -1.3502583442459581e-06 1.0
vn -9.556851728120819e-05 -1.3588261253971723e-06 1.0
vn -5.8213881857227534e-05 1.0 0.00015808943135198206
vn -5.941000927123241e-05 1.0 0.00015811841876711696
vn -1.0 2.175603003706783e-05 0.00018960355373565108
vn -1.0 2.198079710069578e-05 0.0001895999739645049
vn -1.0 1.1096098972984691e-07 9.533038246445358e-05
vn -1.0 -2.9911284560313334e-10 9.532736294204369e-05
vn -0.0001403417409164831 1.0 3.164619784001843e-07
vn -0.0002829405711963773 1.0 6.644796667387709e-05
vn -0.000284466048469767 1.0 0.00016790056542959064
vn -0.00041373446583747864 0.9999614953994751 0.008766094222664833
vn -0.00014032601029612124 1.0 3.8913297584208806e-10
vn -6.396364824468037e-07 -1.7806888776006335e-12 -1.0
vn -6.396300591404724e-07 -1.9572606035911377e-10 -1.0
vn 0.00013915347517468035 1.0 -4.708575147560623e-07
vn 0.0001391620608046651 1.0 -5.093164778813275e-10
vn 0.00018580355390440673 1.0 -4.3169535501874634e-07
vn 0.00018579352763481438 1.0 -1.7599281754154816e-10
vn 0.00037295790389180183 0.9999999403953552 -6.976915756240487e-05
vn 0.00018579352763481438 1.0 -1.7599281754154816e-10
vn 0.00018580355390440673 1.0 -4.3169535501874634e-07
vn 0.0003729771706275642 0.9999999403953552 -7.076728797983378e-05
vn 7.955093315104023e-05 0.0 -1.0
vn 7.95621526776813e-05 0.0 -1.0
vn 0.0001655842352192849 0.0 -1.0
vn 0.0001655842352192849 0.0 -1.0
vn 2.717307934219093e-09 1.0 4.181643475931196e-09
vn 6.109972083834236e-09 1.0 -2.6769610833587976e-11
vn 4.8055102119803905e-09 1.0 3.0645812554297436e-09
vn -1.0 -1.1558163454106207e-10 7.169002742557495e-07
vn -1.0 5.7266632325081446e-08 7.167024591581139e-07
vn -1.0 -1.0651848469933611e-07 7.21440471807e-07
vn -1.0 -1.0678252237994457e-07 7.214413244582829e-07
vn 7.181515115917136e-07 1.0 -0.00011352481669746339
vn -2.84255008420331e-10 1.0 -0.00011353957233950496
vn 1.0575739906926174e-05 1.0 0.00011038397497031838
vn 1.0745751751528587e-05 1.0 0.00011037948570447043
vn 1.0 6.628319226820167e-09 -7.229334073599603e-07
vn 1.0 6.696229792879649e-09 -7.22932270491583e-07
vn 7.431193080265075e-05 0.9999999403953552 -0.0003357966197654605
vn 7.541326340287924e-05 0.9999999403953552 -0.0003357678360771388
vn -1.0 5.706160663976334e-05 5.1577183057816e-07
vn -1.0 5.718731335946359e-05 5.153379447619955e-07
vn 3.7154730403443637e-09 1.0 -2.932395881671823e-09
vn 9.652937116300109e-09 1.0 1.614384403936242e-09
vn -2.7783419227489503e-06 0.0 1.0
vn -2.7785497422883054e-06 0.0 1.0
vn -4.4256969999878493e-07 0.0 1.0
vn -4.4256972842049436e-07 0.0 1.0
vn 0.00013915347517468035 1.0 -4.708575147560623e-07
vn 0.0001391620608046651 1.0 -5.093164778813275e-10
vn 0.0002768634003587067 1.0 -7.21175892977044e-05
vn 0.00027684701490215957 1.0 -7.292577356565744e-05
vn -7.415610525640659e-07 -4.692943633699542e-08 -1.0
vn -7.415664526888577e-07 -4.734243219672862e-08 -1.0
vn -3.4947342797408965e-09 1.0 -2.2599024873670714e-09
vn -8.009573448930496e-09 1.0 2.097533036149457e-09
vn -1.0 -5.2198529942870664e-08 7.16416138857312e-07
vn -1.0 -5.275735404097759e-08 7.164250064306543e-07
vn 0.0 1.0 0.0
vn 2.609319649238273e-09 1.0 -4.35720792779648e-09
vn 0.0 1.0 0.0
vn 4.323477575951529e-09 1.0 2.5684425697392044e-09
vn -2.9938860279798973e-09 1.0 4.428610811402223e-09
vn -3.075032894983565e-09 1.0 4.287553867499128e-09
vn -3.32791394441756e-09 1.0 2.4865893788472704e-09
vn -5.68982594373324e-09 1.0 -4.991871716333862e-13
vn -4.225868543983324e-09 1.0 2.518765418457747e-09
vn -2.493530049108017e-09 1.0 3.701646322795682e-09
vn -4.004756970488188e-09 1.0 -2.882060146092158e-09
vn -1.998711418593757e-09 1.0 -4.5914942958802385e-09
vn 8.93202489749001e-09 1.0 9.97657512158412e-09
vn 4.696405930815217e-09 1.0 -3.1800273525561806e-09
vn 6.971585531090341e-09 1.0 -4.99918718414546e-15
vn 1.0895750079953359e-08 1.0 -2.8340685354066864e-09
vn 8.988806143861439e-09 1.0 -1.005805394527215e-08
vn -0.0005268709501251578 5.50661061424762e-05 -0.9999998807907104
vn -0.0005269974353723228 5.4484520660480484e-05 -0.9999998807907104
vn 0.0 1.0 0.0
vn 0.0 1.0 0.0
vn 0.0 1.0 0.0
vn 0.0 1.0 0.0
vn 0.0 1.0 0.0
vn 0.0 1.0 0.0
vn -0.5158973932266235 0.7325717806816101 0.4440591037273407
vn -0.4061813950538635 0.36486682295799255 0.8377881050109863
vn -0.6077631115913391 0.2347874939441681 0.7586164474487305
vn -0.2779335081577301 0.8964313268661499 0.3452012538909912
vn -0.6296238303184509 0.4113561809062958 0.6590598821640015
vn -0.62962406873703 0.4113556742668152 0.6590599417686462
vn -0.5575392246246338 0.6150632500648499 -0.5575367212295532
vn -0.5575391054153442 0.6150674819946289 -0.5575321912765503
vn -0.1395157277584076 0.25238072872161865 0.9575172662734985
vn -0.041115324944257736 0.9584797024726868 0.28218117356300354
vn -0.1395157426595688 0.25238072872161865 0.9575173258781433
vn -0.13951599597930908 0.2523801922798157 0.9575173854827881
vn 0.27555692195892334 0.9209437966346741 0.2755556106567383
vn 0.5806388258934021 0.5707193613052368 0.5806359648704529
vn -0.07287967950105667 0.4028180241584778 0.912373960018158
vn -0.027451224625110626 0.9337582588195801 0.3568500578403473
vn -0.08368178457021713 0.9929726719856262 -0.08368167281150818
vn 0.028430074453353882 0.999191403388977 0.028430897742509842
vn -0.18049101531505585 0.9501489996910095 0.2542439103126526
vn 0.16307276487350464 0.9730440378189087 0.16307218372821808
vn 0.35483115911483765 0.9345006942749023 -0.028344329446554184
vn 0.0 1.0 0.0
vn 0.0 1.0 0.0
vn 0.0 1.0 0.0
vn 0.0 1.0 0.0
vn 0.0 1.0 0.0
vn 0.0 1.0 0.0
vn 0.0 1.0 0.0
vn 0.44406622648239136 0.7325669527053833 -0.5158980488777161
vn 0.345206081867218 0.8964287638664246 -0.2779357433319092
vn 0.7586202621459961 0.23477523028850555 -0.6077630519866943
vn 0.8377915620803833 0.364859014749527 -0.40618136525154114
vn 0.6590595245361328 0.4113520383834839 -0.6296268701553345
vn 0.1269240826368332 0.42449435591697693 -0.8964902758598328
vn 0.12692661583423615 0.4244858920574188 -0.8964939713478088
vn 0.6590608358383179 0.41134724020957947 -0.6296287775039673
vn 0.957518994808197 0.25237083435058594 -0.13952182233333588
vn 0.9575188755989075 0.25237157940864563 -0.13952144980430603
vn 0.957518994808197 0.25237083435058594 -0.13952183723449707
vn 0.28218257427215576 0.9584791660308838 -0.041117433458566666
vn 0.9123760461807251 0.4028128683567047 -0.07288166135549545
vn 0.35685139894485474 0.9337577223777771 -0.02745205909013748
vn 0.9123760461807251 0.4028128385543823 -0.07288165390491486
vn 0.9090802669525146 0.4097556173801422 -0.07532184571027756
vn -0.08368178457021713 0.9929726719856262 -0.08368167281150818
vn 0.254242867231369 0.9501492381095886 -0.18049117922782898
vn 0.028430074453353882 0.999191403388977 0.028430897742509842
vn 0.16307276487350464 0.9730440378189087 0.16307218372821808
vn 0.0 1.0 0.0
vn 0.0 1.0 0.0
vn 0.0 1.0 0.0
vn 0.0 1.0 0.0
vn 0.7351436614990234 0.6257106065750122 0.2608640193939209
vn 0.942223072052002 0.026350034400820732 0.3339482545852661
vn 0.6773030161857605 0.022316372022032738 0.735365629196167
vn 0.36069828271865845 0.845709502696991 0.3932839632034302
vn -0.03978302702307701 0.8020461201667786 0.5959356427192688
vn 0.006131207570433617 0.018706683069467545 0.9998062252998352
vn -0.1394452452659607 -0.013339905068278313 0.9901399612426758
vn -0.09535824507474899 0.697017252445221 0.7106854915618896
vn -0.23718763887882233 0.7311176061630249 -0.6396945714950562
vn -0.385112464427948 0.8344802260398865 -0.3941207826137543
vn -0.00670374883338809 0.9999682307243347 -0.004318303894251585
vn 0.25357598066329956 0.4724181890487671 0.8441091775894165
vn 0.28908833861351013 0.02424154430627823 0.9569954872131348
vn 0.28982019424438477 0.02099831961095333 0.9568507671356201
vn -0.3454042375087738 0.035615287721157074 -0.9377779960632324
vn -0.34248876571655273 0.04333940148353577 -0.9385218024253845
vn -0.6930133700370789 0.022265879437327385 -0.7205808758735657
vn -0.6961445212364197 0.0169709250330925 -0.7177011370658875
vn -0.914033055305481 0.3730624318122864 -0.1592731773853302
vn -0.5607031583786011 0.6000978946685791 0.5705212950706482
vn -0.8902016878128052 0.017737818881869316 0.4552212953567505
vn -0.8385627269744873 0.025170650333166122 -0.544223427772522
vn -0.1358923465013504 0.8582680225372314 -0.4948831796646118
vn -0.4186343550682068 0.7133902311325073 -0.5619783401489258
vn -0.5984432101249695 0.019860947504639626 -0.8009190559387207
vn -0.23947660624980927 0.024248648434877396 -0.9705992937088013
vn 0.03719230741262436 0.9531705975532532 -0.3001376986503601
vn 0.1586548388004303 0.02277645654976368 -0.9870713949203491
vn 0.7899079918861389 0.029397275298833847 -0.6125203371047974
vn 0.33714744448661804 0.903152585029602 -0.2657949924468994
vn 0.8734831213951111 0.3403361439704895 0.3481357991695404
vn 0.2024017572402954 0.7844112515449524 0.5862871408462524
vn 0.7967620491981506 0.028587449342012405 0.6036167144775391
vn 0.8566275238990784 0.018697604537010193 0.5155964493751526
vn 0.07933837175369263 0.5980826020240784 0.7974977493286133
vn -0.20094649493694305 0.02137591503560543 0.9793689846992493
vn -0.9670719504356384 0.016659796237945557 -0.2539573609828949
vn -0.616535484790802 0.724446713924408 -0.308319628238678
vn 0.2570009231567383 0.7142928242683411 0.6509503722190857
vn 0.4486885964870453 0.7229986190795898 0.5253109335899353
vn 0.5120789408683777 0.018904458731412888 0.8587303757667542
vn 0.3671475648880005 0.020428216084837914 0.9299383759498596
vn -0.5553989410400391 0.793407678604126 0.2490709275007248
vn -0.49392062425613403 0.03484185039997101 0.8688086271286011
vn 0.4206260144710541 0.8349653482437134 0.35483318567276
vn 0.761327862739563 0.014357183128595352 0.6482082009315491
vn -0.04931967705488205 0.8264716863632202 0.560813844203949
vn -0.044908083975315094 0.9414852261543274 0.3340491056442261
vn -0.0541563406586647 0.028814682736992836 0.998116672039032
vn -0.049145184457302094 0.029184293001890182 0.9983651638031006
vn -0.006254237610846758 0.9999803900718689 0.00035077647771686316
vn -0.007166048511862755 0.9999733567237854 -0.0014055510982871056
vn -0.013218316249549389 0.9998342990875244 0.012521475553512573
vn 0.0 1.0 0.0
vn 0.0 1.0 0.0
vn 0.0 1.0 0.0
vn -0.028373291715979576 0.9992864727973938 0.024930212646722794
vn 0.30776283144950867 0.9510080814361572 0.029422730207443237
vn -0.02463768608868122 0.9993845224380493 0.02497374452650547
vn 0.0 1.0 0.0
vn 0.0 1.0 0.0
vn 0.9952964186668396 0.022615032270550728 0.09419970959424973
vn 0.9953325390815735 0.023711102083325386 0.0935467779636383
vn 0.019296761602163315 0.9706278443336487 0.23981092870235443
vn 0.07911238074302673 0.5834512114524841 -0.8082857728004456
vn 0.08210425823926926 0.027066530659794807 0.9962561726570129
vn 0.08016540855169296 0.032322850078344345 0.9962573647499084
vn 0.010646257549524307 0.03759120777249336 -0.999236524105072
vn 0.09730960428714752 0.04567378759384155 -0.9942055940628052
vn 0.1844789832830429 0.04953412711620331 -0.9815874099731445
vn 0.0771806389093399 0.9004685282707214 -0.428018182516098
vn 0.0 1.0 0.0
vn 0.0 1.0 0.0
vn 0.2605486214160919 0.6257526278495789 0.7352197170257568
vn 0.3932825028896332 0.8457109928131104 0.36069628596305847
vn 0.7353661060333252 0.022317424416542053 0.6773025393486023
vn 0.333568274974823 0.02634335495531559 0.9423578381538391
vn 0.5959360003471375 0.8020458817481995 -0.03978468477725983
vn 0.7106862664222717 0.6970162391662598 -0.09535962343215942
vn 0.9901396036148071 -0.013341914862394333 -0.1394473910331726
vn 0.99980628490448 0.01870257779955864 0.006129126064479351
vn -0.6425512433052063 0.7331786155700684 -0.22265920042991638
vn 0.8441100716590881 0.4724167585372925 0.2535756528377533
vn -0.004318350926041603 0.9999682307243347 -0.006703771185129881
vn -0.39412185549736023 0.8344782590866089 -0.3851155638694763
vn 0.9569957256317139 0.02423936314880848 0.28908771276474
vn 0.9568514823913574 0.02098774164915085 0.28981849551200867
vn -0.9450099468231201 0.03558555617928505 -0.3250998854637146
vn -0.7176993489265442 0.016959132626652718 -0.6961466073989868
vn -0.7205780744552612 0.022259613499045372 -0.6930164694786072
vn -0.9457061290740967 0.0433250330388546 -0.3221224248409271
vn -0.15926964581012726 0.3730623424053192 -0.9140337705612183
vn -0.5442203879356384 0.025166518986225128 -0.8385647535324097
vn 0.4552203118801117 0.017735885456204414 -0.8902021646499634
vn 0.5705208778381348 0.6000968813896179 -0.5607046484947205
vn -0.4950861930847168 0.8575144410133362 -0.13985233008861542
vn -0.9688360095024109 0.02422887273132801 -0.2465152144432068
vn -0.8009148836135864 0.019859416410326958 -0.5984488129615784
vn -0.5619716048240662 0.7133922576904297 -0.41864004731178284
vn -0.3008273243904114 0.9531201124191284 0.03263473883271217
vn -0.2670398950576782 0.9042187929153442 0.3332838714122772
vn -0.6185925602912903 0.02952127903699875 0.7851572036743164
vn -0.9892675876617432 0.02288500778377056 0.14431191980838776
vn 0.34812355041503906 0.3403307795524597 0.8734901547431946
vn 0.5155810117721558 0.01869041472673416 0.8566369414329529
vn 0.6035711765289307 0.028587013483047485 0.7967965006828308
vn 0.5862802863121033 0.7844030857086182 0.20245304703712463
vn 0.9793688654899597 0.021374868229031563 -0.20094738900661469
vn 0.797499418258667 0.598080575466156 0.07933730632066727
vn -0.3083181381225586 0.7244448661804199 -0.616538405418396
vn -0.25397178530693054 0.016659507527947426 -0.9670681357383728
vn 0.6509520411491394 0.714290976524353 0.2570015788078308
vn 0.9299351572990417 0.02043018490076065 0.367155522108078
vn 0.8587284088134766 0.01889699138700962 0.5120825171470642
vn 0.525309145450592 0.7229961156845093 0.4486948251724243
vn 0.24905386567115784 0.793413519859314 -0.5553982853889465
vn 0.8688445687294006 0.03484710678458214 -0.49385717511177063
vn 0.3548276424407959 0.8349637985229492 0.42063379287719727
vn 0.6481985449790955 0.014345579780638218 0.7613362073898315
vn 0.5608144402503967 0.8264747262001038 -0.04926283285021782
vn 0.9983747005462646 0.02919860929250717 -0.04894354194402695
vn 0.9981220364570618 0.028821662068367004 -0.05405380204319954
vn 0.334044873714447 0.9414870142936707 -0.044903043657541275
vn -0.0014039352536201477 0.9999733567237854 -0.007166765164583921
vn 0.0003523608320392668 0.9999803900718689 -0.0062553975731134415
vn 0.012518888339400291 0.9998343586921692 -0.013215937651693821
vn 0.0 1.0 0.0
vn 0.0 1.0 0.0
vn 0.0 1.0 0.0
vn 0.029154092073440552 0.9510083794593811 0.3077875077724457
vn 0.024924982339143753 0.9992867112159729 -0.02836897037923336
vn 0.02497207187116146 0.9993845820426941 -0.024636156857013702
vn 0.0 1.0 0.0
vn 0.0 1.0 0.0
vn 0.09272315353155136 0.02371804788708687 0.9954094290733337
vn 0.09335235506296158 0.02263798378407955 0.9953757524490356
vn -0.8113497495651245 0.5797829627990723 0.0745876133441925
vn 0.2398110181093216 0.9706278443336487 0.019295837730169296
vn 0.9962577223777771 0.03232278302311897 0.08016156405210495
vn 0.9962564706802368 0.027060987427830696 0.08210243284702301
vn -0.9988889098167419 0.03731600195169449 0.028782710433006287
vn -0.9949414134025574 0.04154271259903908 0.09146524965763092
vn -0.9869718551635742 0.043824635446071625 0.1548096239566803
vn -0.43230122327804565 0.8993493318557739 0.06547102332115173
vn 0.0 1.0 0.0
vn 0.0 1.0 0.0
vn 0.0 1.0 0.0
vn 0.0 1.0 0.0
vn 0.0 1.0 0.0
vn 0.0 1.0 0.0
vn -0.515893816947937 0.7325707077980042 -0.4440651834011078
vn -0.2779337167739868 0.8964303731918335 -0.3452033996582031
vn -0.6077613830566406 0.23478659987449646 -0.7586181163787842
vn -0.4061778783798218 0.3648643493652344 -0.837790846824646
vn -0.6296267509460449 0.4113546907901764 -0.6590580344200134
vn -0.5575379133224487 0.6150549650192261 0.5575472116470337
vn -0.5575391054153442 0.615058422088623 0.5575422048568726
vn -0.6296277642250061 0.41135233640670776 -0.6590585708618164
vn -0.13952326774597168 0.25237926840782166 -0.9575165510177612
vn -0.13952408730983734 0.2523776590824127 -0.9575168490409851
vn -0.13952328264713287 0.25237926840782166 -0.957516610622406
vn -0.04111739993095398 0.9584797024726868 -0.28218093514442444
vn 0.27555787563323975 0.9209438562393188 -0.2755545377731323
vn -0.02745070308446884 0.9337577223777771 -0.3568515181541443
vn -0.07287897169589996 0.402815043926239 -0.9123753309249878
vn 0.5806415677070618 0.5707182288169861 -0.5806341767311096
vn -0.08368057757616043 0.9929729104042053 0.08368045091629028
vn -0.18048983812332153 0.9501498937606812 -0.254241406917572
vn 0.028429241850972176 0.999191403388977 -0.028431611135601997
vn 0.1630704700946808 0.9730448126792908 -0.16307032108306885
vn 0.35483166575431824 0.9345003962516785 0.02834676206111908
vn 0.0 1.0 0.0
vn 0.0 1.0 0.0
vn 0.0 1.0 0.0
vn 0.0 1.0 0.0
vn 0.0 1.0 0.0
vn 0.0 1.0 0.0
vn 0.0 1.0 0.0
vn 0.44406723976135254 0.7325659990310669 0.515898585319519
vn 0.8377909064292908 0.36485666036605835 0.40618470311164856
vn 0.758621096611023 0.2347753345966339 0.6077619194984436
vn 0.3452067971229553 0.8964285254478455 0.27793553471565247
vn 0.6590611338615417 0.41134536266326904 0.6296296715736389
vn 0.659059464931488 0.4113520383834839 0.629626989364624
vn 0.12692959606647491 0.4244750738143921 0.8964986801147461
vn 0.12693238258361816 0.42446571588516235 0.896502673625946
vn 0.9575189352035522 0.2523708939552307 0.13952215015888214
vn 0.28218263387680054 0.9584791660308838 0.04111764580011368
vn 0.9575189352035522 0.2523708939552307 0.13952215015888214
vn 0.9575186967849731 0.2523723542690277 0.13952142000198364
vn 0.9123766422271729 0.40281057357788086 0.07288787513971329
vn 0.9090813398361206 0.4097521901130676 0.07532765716314316
vn 0.9123766422271729 0.40281057357788086 0.07288788259029388
vn 0.3568515181541443 0.9337576031684875 0.027454650029540062
vn -0.08368057757616043 0.9929729104042053 0.08368045091629028
vn 0.028429241850972176 0.999191403388977 -0.028431611135601997
vn 0.2542390823364258 0.950150728225708 0.1804886907339096
vn 0.1630704700946808 0.9730448126792908 -0.16307032108306885
vn 0.0 1.0 0.0
vn 0.0 1.0 0.0
vn 0.0 1.0 0.0
vn 0.0 1.0 0.0
vn 0.7351419925689697 0.625713050365448 -0.26086297631263733
vn 0.3606981039047241 0.8457103371620178 -0.3932822346687317
vn 0.6773035526275635 0.022320730611681938 -0.735365092754364
vn 0.942223310470581 0.02636030875146389 -0.33394676446914673
vn -0.03916694596409798 0.8018043637275696 -0.5963017344474792
vn -0.09387244284152985 0.6958184838294983 -0.7120566368103027
vn -0.1378619372844696 -0.014949583448469639 -0.9903386235237122
vn 0.006425568368285894 0.018746526911854744 -0.9998036623001099
vn -0.23718801140785217 0.7311185598373413 0.6396933197975159
vn 0.2535746395587921 0.4724189341068268 -0.8441091775894165
vn -0.006703781429678202 0.9999682307243347 0.0043182894587516785
vn -0.3851136863231659 0.8344801068305969 0.3941197395324707
vn 0.2890869081020355 0.024242764338850975 -0.9569958448410034
vn 0.28981834650039673 0.020998330786824226 -0.9568513035774231
vn -0.3454052805900574 0.03561720252037048 0.9377775192260742
vn -0.696146547794342 0.016970926895737648 0.7176991105079651
vn -0.6930148005485535 0.02226748690009117 0.7205794453620911
vn -0.3424890339374542 0.0433431938290596 0.9385215640068054
vn -0.9140354990959167 0.3730578124523163 0.1592703014612198
vn -0.8385627269744873 0.025161433964967728 0.5442236661911011
vn -0.8901987671852112 0.017736146226525307 -0.4552270174026489
vn -0.5606993436813354 0.6000975966453552 -0.5705252885818481
vn -0.13589265942573547 0.858267605304718 0.49488383531570435
vn -0.23947663605213165 0.024246064946055412 0.970599353313446
vn -0.598443329334259 0.01985437609255314 0.8009191155433655
vn -0.4186358153820038 0.7133879661560059 0.5619802474975586
vn 0.03719219192862511 0.953170657157898 0.3001375198364258
vn 0.3371473252773285 0.9031531810760498 0.2657932937145233
vn 0.7899088263511658 0.029401632025837898 0.6125191450119019
vn 0.1586548537015915 0.02277827449142933 0.9870713353157043
vn 0.8734826445579529 0.34033674001693726 -0.3481365144252777
vn 0.8566254377365112 0.01869763620197773 -0.5156000256538391
vn 0.7967627644538879 0.028590260073542595 -0.6036155223846436
vn 0.20240141451358795 0.784412682056427 -0.5862852334976196
vn -0.2009415179491043 0.021377339959144592 -0.9793699979782104
vn 0.07933971285820007 0.5980826020240784 -0.7974976301193237
vn -0.6165355443954468 0.724446713924408 0.308319628238678
vn -0.9670718908309937 0.01665969379246235 0.2539575695991516
vn 0.25700223445892334 0.7142935395240784 -0.6509490609169006
vn 0.36715200543403625 0.02043224312365055 -0.9299365282058716
vn 0.5120785236358643 0.01890585385262966 -0.8587305545806885
vn 0.4486865997314453 0.7229984402656555 -0.5253129601478577
vn -0.5553984045982361 0.7934081554412842 -0.2490706592798233
vn -0.49392083287239075 0.03484663739800453 -0.8688083291053772
vn 0.42062386870384216 0.8349654078483582 -0.35483571887016296
vn 0.761323869228363 0.014357279986143112 -0.6482127904891968
vn -0.049319665879011154 0.8264725804328918 -0.5608124732971191
vn -0.0491451770067215 0.029189813882112503 -0.998365044593811
vn -0.05415651947259903 0.028820190578699112 -0.9981164932250977
vn -0.044908128678798676 0.9414854049682617 -0.33404871821403503
vn -0.007166089490056038 0.9999733567237854 0.0014055632054805756
vn -0.006254266481846571 0.9999803900718689 -0.0003507494111545384
vn -0.013218318112194538 0.9998342394828796 -0.01252160407602787
vn 0.0 1.0 0.0
vn 0.0 1.0 0.0
vn 0.0 1.0 0.0
vn 0.30776265263557434 0.9510080814361572 -0.029424775391817093
vn -0.028373299166560173 0.9992864727973938 -0.024930475279688835
vn -0.024637699127197266 0.9993845224380493 -0.024973997846245766
vn 0.0 1.0 0.0
vn 0.0 1.0 0.0
vn 0.9953320622444153 0.023716483265161514 -0.09355001896619797
vn 0.9952958226203918 0.022614941000938416 -0.09420621395111084
vn 0.0791117325425148 0.5834509134292603 0.8082860708236694
vn 0.019296761602163315 0.9706278443336487 -0.23981092870235443
vn 0.08016540855169296 0.032322850078344345 -0.9962573647499084
vn 0.08210425823926926 0.027066530659794807 -0.9962561726570129
vn 0.0106467604637146 0.03759149834513664 0.9992364645004272
vn 0.09730879217386246 0.045673489570617676 0.9942057132720947
vn 0.18447677791118622 0.04953370988368988 0.9815878868103027
vn 0.07717978209257126 0.9004684686660767 0.4280184805393219
vn 0.0 1.0 0.0
vn 0.0 1.0 0.0
vn 0.26054999232292175 0.6257515549659729 -0.735220193862915
vn 0.3335702121257782 0.026346996426582336 -0.9423570036888123
vn 0.7353643178939819 0.022317450493574142 -0.6773043870925903
vn 0.39328280091285706 0.8457100987434387 -0.36069804430007935
vn 0.5943209528923035 0.803354799747467 0.037466950714588165
vn 0.9997738003730774 0.019133858382701874 -0.009286835789680481
vn 0.99098140001297 -0.003333857748657465 0.13395841419696808
vn 0.704339325428009 0.703694760799408 0.09338017553091049
vn -0.6396979689598083 0.7311144471168518 0.23718813061714172
vn -0.39412304759025574 0.8344775438308716 0.38511598110198975
vn -0.0043183197267353535 0.9999682307243347 0.0067037842236459255
vn 0.8441093564033508 0.47241872549057007 -0.25357452034950256
vn 0.9569959044456482 0.024242104962468147 -0.28908678889274597
vn 0.9568513035774231 0.020998332649469376 -0.28981831669807434
vn -0.937778651714325 0.03560524806380272 0.34540340304374695
vn -0.93852299451828 0.043332815170288086 0.34248629212379456
vn -0.7205777764320374 0.022258784621953964 0.693016767501831
vn -0.7177001237869263 0.01695527881383896 0.6961458921432495
vn -0.15927086770534515 0.37306082248687744 0.9140341281890869
vn 0.570524275302887 0.6000960469245911 0.5607020854949951
vn 0.4552239775657654 0.01773400977253914 0.8902003169059753
vn -0.5442225337028503 0.025169959291815758 0.8385632634162903
vn -0.49508461356163025 0.8575153350830078 0.13985233008861542
vn -0.5619773268699646 0.7133910655975342 0.4186343848705292
vn -0.8009170293807983 0.019866539165377617 0.59844571352005
vn -0.9688355326652527 0.02425037883222103 0.24651503562927246
vn -0.30082622170448303 0.9531205296516418 -0.032633278518915176
vn -0.9892665147781372 0.02290693297982216 -0.14431597292423248
vn -0.6185901761054993 0.02952371910214424 -0.7851589322090149
vn -0.26703909039497375 0.9042193293571472 -0.33328312635421753
vn 0.3481290638446808 0.3403310179710388 -0.8734878301620483
vn 0.5862874984741211 0.7844095826148987 -0.2024068981409073
vn 0.6036037802696228 0.028582146391272545 -0.7967719435691833
vn 0.515586793422699 0.01869572512805462 -0.8566333651542664
vn 0.7975001931190491 0.5980794429779053 -0.07933803647756577
vn 0.9793686866760254 0.021367959678173065 0.20094896852970123
vn -0.2539709210395813 0.016660859808325768 0.9670683741569519
vn -0.30831488966941833 0.724446177482605 0.6165385246276855
vn 0.6509520411491394 0.714290976524353 -0.2570015788078308
vn 0.5253089666366577 0.7229982614517212 -0.4486914873123169
vn 0.858728289604187 0.018902335315942764 -0.5120825171470642
vn 0.9299417734146118 0.02041596546769142 -0.3671397566795349
vn 0.2490546703338623 0.7934122681617737 0.5553996562957764
vn 0.8688065409660339 0.03483721986413002 0.49392467737197876
vn 0.3548320531845093 0.8349651098251343 -0.42062753438949585
vn 0.6481984257698059 0.014361185021698475 -0.761336088180542
vn 0.5608142018318176 0.826471745967865 0.04931478202342987
vn 0.3340463638305664 0.9414863586425781 0.044905491173267365
vn 0.9981171488761902 0.028814755380153656 0.05414728820323944
vn 0.9983660578727722 0.029185079038143158 0.049127113074064255
vn 0.00035234843380749226 0.9999803900718689 0.0062553840689361095
vn -0.0014039534144103527 0.9999733567237854 0.007166797760874033
vn 0.012519776821136475 0.9998342990875244 0.013216701336205006
vn 0.0 1.0 0.0
vn 0.0 1.0 0.0
vn 0.0 1.0 0.0
vn 0.024926790967583656 0.9992866516113281 0.02837047167122364
vn 0.029157130047678947 0.9510082602500916 -0.3077877163887024
vn 0.02497386932373047 0.9993845224380493 0.02463769167661667
vn 0.0 1.0 0.0
vn 0.0 1.0 0.0
vn 0.09336189925670624 0.02263343147933483 -0.9953749775886536
vn 0.0927310436964035 0.023716304451227188 -0.9954087138175964
vn 0.2398110330104828 0.9706278443336487 -0.01929587498307228
vn -0.8082906007766724 0.5834450125694275 -0.07910940051078796
vn 0.9962564706802368 0.02706628292798996 -0.08210047334432602
vn 0.9962576627731323 0.03232235834002495 -0.08016171306371689
vn -0.9992369413375854 0.03758026286959648 -0.010645344853401184
vn -0.9942064881324768 0.04566297307610512 -0.09730544686317444
vn -0.9815893173217773 0.04952337592840195 -0.18447186052799225
vn -0.4280206561088562 0.9004676342010498 -0.07717762142419815
vn 0.0 1.0 0.0
vn 0.0 1.0 0.0
vn 0.0 1.0 0.0
vn 0.0 1.0 0.0
vn 0.0 1.0 0.0
vn 0.0 1.0 0.0
vn 0.5158929824829102 0.7325718998908997 0.44406405091285706
vn 0.2779332101345062 0.8964309096336365 0.34520256519317627
vn 0.6077609658241272 0.23479054868221283 0.7586171627044678
vn 0.4061776101589203 0.36486828327178955 0.8377892971038818
vn 0.6296262145042419 0.4113573729991913 0.6590568423271179
vn 0.5575382709503174 0.6150569915771484 -0.5575447082519531
vn 0.5575390458106995 0.6150595545768738 -0.557541012763977
vn 0.6296270489692688 0.41135546565055847 0.6590572595596313
vn 0.13952308893203735 0.252384215593338 0.957515299320221
vn 0.13952390849590302 0.25238263607025146 0.9575155973434448
vn 0.13952308893203735 0.2523842453956604 0.957515299320221
vn 0.041117291897535324 0.9584798812866211 0.28218021988868713
vn -0.27555763721466064 0.9209441542625427 0.2755536735057831
vn 0.027450615540146828 0.9337581992149353 0.35685038566589355
vn 0.07287883013486862 0.4028192460536957 0.9123734831809998
vn -0.5806412100791931 0.5707204341888428 0.5806324481964111
vn 0.08368069678544998 0.9929729104042053 -0.08368053287267685
vn 0.18048879504203796 0.9501502513885498 0.2542407810688019
vn -0.028430622071027756 0.999191403388977 0.028430040925741196
vn -0.16307099163532257 0.9730448126792908 0.16306975483894348
vn -0.3548316955566406 0.9345003962516785 -0.028346747159957886
vn 0.0 1.0 0.0
vn 0.0 1.0 0.0
vn 0.0 1.0 0.0
vn 0.0 1.0 0.0
vn 0.0 1.0 0.0
vn 0.0 1.0 0.0
vn 0.0 1.0 0.0
vn -0.44406601786613464 0.7325660586357117 -0.515899658203125
vn -0.8377906680107117 0.36485642194747925 -0.406185507774353
vn -0.7586202621459961 0.23477500677108765 -0.6077631115913391
vn -0.3452061116695404 0.8964287042617798 -0.27793586254119873
vn -0.6590608358383179 0.41134679317474365 -0.6296289563179016
vn -0.6590595841407776 0.4113520085811615 -0.6296268701553345
vn -0.1269288957118988 0.4244774580001831 -0.8964976668357849
vn -0.12693099677562714 0.4244703948497772 -0.8965006470680237
vn -0.957518994808197 0.2523708939552307 -0.13952183723449707
vn -0.2821826636791229 0.9584791660308838 -0.04111754894256592
vn -0.957518994808197 0.2523708641529083 -0.13952183723449707
vn -0.9575187563896179 0.25237223505973816 -0.13952112197875977
vn -0.9123766422271729 0.4028104245662689 -0.07288782298564911
vn -0.9090815186500549 0.40975189208984375 -0.0753275528550148
vn -0.9123767018318176 0.40281039476394653 -0.07288782298564911
vn -0.3568515181541443 0.9337576031684875 -0.027454650029540062
vn 0.08368069678544998 0.9929729104042053 -0.08368053287267685
vn -0.028430622071027756 0.999191403388977 0.028430040925741196
vn -0.2542409300804138 0.9501497745513916 -0.1804908961057663
vn -0.16307099163532257 0.9730448126792908 0.16306975483894348
vn 0.0 1.0 0.0
vn 0.0 1.0 0.0
vn 0.0 1.0 0.0
vn 0.0 1.0 0.0
vn -0.7351428270339966 0.6257112622261047 0.2608649432659149
vn -0.3533630669116974 0.8466658592224121 0.39785873889923096
vn -0.6656461954116821 0.022471833974123 0.7459290623664856
vn -0.9422229528427124 0.026350034400820732 0.33394855260849
vn 0.028344346210360527 0.8028224110603333 0.595544159412384
vn 0.08033712208271027 0.6997660994529724 0.7098403573036194
vn 0.11787549406290054 -0.007939918898046017 0.9929966926574707
vn -0.023118529468774796 0.020343657582998276 0.9995257258415222
vn 0.23718678951263428 0.7311179637908936 -0.6396944522857666
vn -0.2464357167482376 0.4710838198661804 0.8469648957252502
vn 0.00670365896075964 0.9999682307243347 -0.004319230560213327
vn 0.385112464427948 0.8344802260398865 -0.3941207826137543
vn -0.2807610332965851 0.02464897930622101 0.9594611525535583
vn -0.2816880941390991 0.021040938794612885 0.9592753052711487
vn 0.3454034626483917 0.03561718016862869 -0.9377781748771667
vn 0.6961445212364197 0.0169709250330925 -0.7177011370658875
vn 0.6930126547813416 0.022267505526542664 -0.7205814719200134
vn 0.3424871563911438 0.043343182653188705 -0.938522219657898
vn 0.9140352606773376 0.37305793166160583 -0.15927119553089142
vn 0.8385619521141052 0.02516397088766098 -0.5442247986793518
vn 0.8902000784873962 0.017733925953507423 0.4552246034145355
vn 0.5607017278671265 0.6000970005989075 0.5705235600471497
vn 0.1358918994665146 0.858267605304718 -0.49488401412963867
vn 0.23947660624980927 0.02424871362745762 -0.9705992937088013
vn 0.5984413623809814 0.01985764503479004 -0.8009204864501953
vn 0.4186331033706665 0.7133878469467163 -0.561982274055481
vn -0.03719231113791466 0.9531705975532532 -0.3001377582550049
vn -0.3371475040912628 0.903153121471405 -0.26579320430755615
vn -0.7899100184440613 0.02939741127192974 -0.612517774105072
vn -0.1586548388004303 0.022776516154408455 -0.9870713949203491
vn -0.8734852075576782 0.3403361141681671 0.3481307625770569
vn -0.8566324710845947 0.018697530031204224 0.5155882835388184
vn -0.7967509627342224 0.02859061397612095 0.6036311388015747
vn -0.20238105952739716 0.7844170928001404 0.5862864851951599
vn 0.20094649493694305 0.02137591503560543 0.9793689846992493
vn -0.07933837175369263 0.5980826020240784 0.7974977493286133
vn 0.6165370345115662 0.724448025226593 -0.3083135783672333
vn 0.9670743942260742 0.016655804589390755 -0.253948450088501
vn -0.2570009231567383 0.7142928242683411 0.6509503722190857
vn -0.3671475648880005 0.020428216084837914 0.9299383759498596
vn -0.5120827555656433 0.01890440657734871 0.8587281107902527
vn -0.44869330525398254 0.7229991555213928 0.525306224822998
vn 0.5553985834121704 0.7934058904647827 0.24907732009887695
vn 0.493949830532074 0.034842703491449356 0.8687919974327087
vn -0.4206311106681824 0.8349654078483582 0.35482722520828247
vn -0.7613368034362793 0.014356952160596848 0.6481976509094238
vn 0.049342088401317596 0.8264726400375366 0.560810387134552
vn 0.04922793433070183 0.029188696295022964 0.9983609914779663
vn 0.05419806018471718 0.028822045773267746 0.9981142282485962
vn 0.04490811377763748 0.9414857029914856 0.33404794335365295
vn 0.007166093681007624 0.9999733567237854 -0.0014055839274078608
vn 0.006254217121750116 0.9999803900718689 0.00035080613452009857
vn 0.01321831252425909 0.9998342990875244 0.012521402910351753
vn 0.0 1.0 0.0
vn 0.0 1.0 0.0
vn 0.0 1.0 0.0
vn -0.30776268243789673 0.9510080814361572 0.029424797743558884
vn 0.0283732358366251 0.9992864727973938 0.024930128827691078
vn 0.024637682363390923 0.9993845224380493 0.02497362345457077
vn 0.0 1.0 0.0
vn 0.0 1.0 0.0
vn -0.9953319430351257 0.02371111512184143 0.09355325251817703
vn -0.9952958226203918 0.02261499874293804 0.09420621395111084
vn -0.07911238074302673 0.5834512114524841 -0.8082857728004456
vn -0.022583678364753723 0.9706566333770752 0.23940710723400116
vn -0.09386000782251358 0.034145109355449677 0.9949997067451477
vn -0.09613824635744095 0.027961894869804382 0.9949751496315002
vn -0.010646156966686249 0.03759150952100754 -0.9992364645004272
vn -0.09730960428714752 0.04567378759384155 -0.9942055940628052
vn -0.1844789832830429 0.04953412711620331 -0.9815874099731445
vn -0.0771806389093399 0.9004685282707214 -0.428018182516098
vn 0.0 1.0 0.0
vn 0.0 1.0 0.0
vn -0.267120897769928 0.6219146251678467 0.7361173033714294
vn -0.34054499864578247 0.026368703693151474 0.9398584365844727
vn -0.7302936315536499 0.02248278446495533 0.682763397693634
vn -0.3884561061859131 0.8475704193115234 0.3615609407424927
vn -0.5957852005958557 0.8026119470596313 -0.029225308448076248
vn -0.999683678150177 0.01995181106030941 0.015310502611100674
vn -0.9935423135757446 -0.00677614426240325 -0.11326006799936295
vn -0.7096115350723267 0.7003601789474487 -0.07711797207593918
vn 0.6396960616111755 0.7311158776283264 -0.23718887567520142
vn 0.3941180408000946 0.8343949317932129 -0.38530007004737854
vn 0.004251364152878523 0.999967634677887 -0.00683469045907259
vn -0.8472626209259033 0.4716072082519531 0.24440282583236694
vn -0.9601148962974548 0.0242382250726223 0.27855318784713745
vn -0.9599699974060059 0.021074607968330383 0.2793090045452118
vn 0.9377776980400085 0.03561019152402878 -0.34540536999702454
vn 0.9385219216346741 0.043330926448106766 -0.3424895107746124
vn 0.7205789089202881 0.022264448925852776 -0.6930153965950012
vn 0.7177013754844666 0.01696707308292389 -0.6961443424224854
vn 0.1592739224433899 0.3730596601963043 -0.9140341281890869
vn -0.5705217123031616 0.600102961063385 -0.5606973171234131
vn -0.45522207021713257 0.017739027738571167 -0.8902012705802917
vn 0.5442262887954712 0.02516520954668522 -0.8385609984397888
vn 0.49508634209632874 0.857514500617981 -0.13985134661197662
vn 0.5619826316833496 0.7133878469467163 -0.4186326265335083
vn 0.800920307636261 0.01985928975045681 -0.5984416007995605
vn 0.968835711479187 0.024241020902991295 -0.24651512503623962
vn 0.3008262515068054 0.9531204700469971 0.03263331949710846
vn 0.9892673492431641 0.022895218804478645 0.14431187510490417
vn 0.5979952216148376 0.03016633167862892 0.8009318113327026
vn 0.2529323399066925 0.908388614654541 0.3329494297504425
vn -0.3481276035308838 0.34033122658729553 0.8734883069992065
vn -0.5862815976142883 0.7844029664993286 0.20244984328746796
vn -0.6035720109939575 0.028587033972144127 0.7967959046363831
vn -0.5155852437019348 0.01869327947497368 0.8566343784332275
vn -0.7974969744682312 0.5980839133262634 0.07933613657951355
vn -0.9793694019317627 0.021386288106441498 -0.20094335079193115
vn 0.2539730966091156 0.01666211150586605 -0.9670677781105042
vn 0.30843549966812134 0.7243300080299377 -0.6166146397590637
vn -0.6509525179862976 0.7142924666404724 0.2569962739944458
vn -0.5253113508224487 0.7229974865913391 0.4486899971961975
vn -0.8587307929992676 0.01890275813639164 0.5120781660079956
vn -0.9299377799034119 0.020434437319636345 0.367148756980896
vn -0.24905523657798767 0.7934122085571289 -0.5553994178771973
vn -0.8688429594039917 0.03484705835580826 -0.4938599467277527
vn -0.3548300862312317 0.8349645137786865 0.42063042521476746
vn -0.6481984853744507 0.014354007318615913 0.7613361477851868
vn -0.5608153939247131 0.8264738917350769 -0.04926620051264763
vn -0.33404627442359924 0.9414863586425781 -0.044905517250299454
vn -0.9981217980384827 0.028821663931012154 -0.054057784378528595
vn -0.9983744621276855 0.029198547825217247 -0.04894804209470749
vn -0.000120618446089793 0.9999788403511047 -0.006504560820758343
vn 0.0015680745709687471 0.9999703168869019 -0.007546945009380579
vn -0.012519780546426773 0.9998342990875244 -0.013216703198850155
vn 0.0 1.0 0.0
vn 0.0 1.0 0.0
vn 0.0 1.0 0.0
vn -0.024926776066422462 0.9992866516113281 -0.02837049774825573
vn -0.04537438973784447 0.9510109424591064 0.3058094084262848
vn -0.02497386932373047 0.9993845224380493 -0.02463769167661667
vn 0.0 1.0 0.0
vn 0.0 1.0 0.0
vn -0.14523005485534668 0.02186046727001667 0.9891564249992371
vn -0.14425352215766907 0.023555487394332886 0.9892603754997253
vn -0.23981092870235443 0.9706278443336487 0.01929680071771145
vn 0.8082874417304993 0.5834494233131409 0.07910893857479095
vn -0.9962561726570129 0.027072051540017128 0.08210238069295883
vn -0.9962573647499084 0.032322872430086136 0.0801655650138855
vn 0.9992367029190063 0.037587687373161316 0.010643702931702137
vn 0.9942061901092529 0.04567082226276398 0.09730523079633713
vn 0.9815887212753296 0.04952971637248993 0.18447333574295044
vn 0.4280202090740204 0.9004677534103394 0.07717935740947723
vn 0.0 1.0 0.0
vn 0.0 1.0 0.0
vn 0.0 1.0 0.0
vn 0.0 1.0 0.0
vn 0.0 1.0 0.0
vn 0.0 1.0 0.0
vn 0.5158985257148743 0.7325704097747803 -0.4440601170063019
vn 0.4061814546585083 0.36486369371414185 -0.8377894163131714
vn 0.6077637076377869 0.23478145897388458 -0.7586178183555603
vn 0.2779337465763092 0.8964309096336365 -0.34520211815834045
vn 0.629625678062439 0.41134828329086304 -0.6590630412101746
vn 0.6296257376670837 0.4113486409187317 -0.6590628027915955
vn 0.5575424432754517 0.6150598526000977 0.5575373768806458
vn 0.5575443506240845 0.6150607466697693 0.5575344562530518
vn 0.13951486349105835 0.2523725628852844 -0.9575195908546448
vn 0.04111477732658386 0.9584794640541077 -0.28218215703964233
vn 0.13951487839221954 0.2523725926876068 -0.9575195908546448
vn 0.13951638340950012 0.25236958265304565 -0.9575201272964478
vn -0.27555760741233826 0.9209434390068054 -0.2755562961101532
vn -0.5806393623352051 0.5707182288169861 -0.5806364417076111
vn 0.07287897169589996 0.402815043926239 -0.9123753309249878
vn 0.02745070308446884 0.9337577223777771 -0.3568515181541443
vn 0.08368057757616043 0.9929729104042053 0.08368045091629028
vn -0.02842925302684307 0.999191403388977 -0.028431599959731102
vn 0.18048983812332153 0.9501498937606812 -0.25424134731292725
vn -0.16307048499584198 0.9730448126792908 -0.16307029128074646
vn -0.3548314571380615 0.9345005750656128 0.028344394639134407
vn 0.0 1.0 0.0
vn 0.0 1.0 0.0
vn 0.0 1.0 0.0
vn 0.0 1.0 0.0
vn 0.0 1.0 0.0
vn 0.0 1.0 0.0
vn 0.0 1.0 0.0
vn -0.4440675973892212 0.7325661182403564 0.5158981084823608
vn -0.34520888328552246 0.8964277505874634 0.2779353857040405
vn -0.7586240172386169 0.23476797342300415 0.6077612042427063
vn -0.837791919708252 0.3648582100868225 0.40618133544921875
vn -0.659063458442688 0.41134583950042725 0.6296268105506897
vn -0.12692482769489288 0.4244903326034546 0.8964921236038208
vn -0.126926451921463 0.42448481917381287 0.8964945077896118
vn -0.6590643525123596 0.41134268045425415 0.6296280026435852
vn -0.9575225114822388 0.2523597478866577 0.13951808214187622
vn -0.9575223922729492 0.25236013531684875 0.1395178735256195
vn -0.9575225114822388 0.2523597478866577 0.13951808214187622
vn -0.2821843922138214 0.9584787487983704 0.04111640155315399
vn -0.9123764634132385 0.4028119146823883 0.07288181036710739
vn -0.35685163736343384 0.9337576031684875 0.027452120557427406
vn -0.9123764634132385 0.4028119444847107 0.07288181781768799
vn -0.9090807437896729 0.4097546339035034 0.07532200217247009
vn 0.08368057757616043 0.9929729104042053 0.08368045091629028
vn -0.2542390823364258 0.950150728225708 0.1804886907339096
vn -0.02842925302684307 0.999191403388977 -0.028431599959731102
vn -0.16307048499584198 0.9730448126792908 -0.16307029128074646
vn 0.0 1.0 0.0
vn 0.0 1.0 0.0
vn 0.0 1.0 0.0
vn 0.0 1.0 0.0
vn -0.7351423501968384 0.6257117390632629 -0.2608650028705597
vn -0.9422228932380676 0.026350034400820732 -0.33394864201545715
vn -0.677303671836853 0.02232072688639164 -0.7353649139404297
vn -0.36069679260253906 0.8457112312316895 -0.3932815492153168
vn 0.03978262469172478 0.8020463585853577 -0.5959353446960449
vn -0.006131961476057768 0.018706215545535088 -0.9998062252998352
vn 0.13944412767887115 -0.013338550925254822 -0.9901401400566101
vn 0.09535804390907288 0.6970186829566956 -0.710684061050415
vn 0.2371867150068283 0.7311177253723145 0.6396947503089905
vn 0.38511428236961365 0.8344789147377014 0.39412182569503784
vn 0.00670379213988781 0.9999682307243347 0.004318323917686939
vn -0.2535754144191742 0.4724189341068268 -0.8441088795661926
vn -0.2890878915786743 0.024242734536528587 -0.9569956064224243
vn -0.2898184657096863 0.0209951214492321 -0.9568513631820679
vn 0.34540292620658875 0.03561549261212349 0.9377784132957458
vn 0.3424859046936035 0.043343182653188705 0.9385226368904114
vn 0.6930144429206848 0.022263679653406143 0.7205799221992493
vn 0.6961454153060913 0.01696322299540043 0.7177004218101501
vn 0.9140351414680481 0.3730581998825073 0.1592714935541153
vn 0.5607000589370728 0.6000983715057373 -0.5705237984657288
vn 0.8901994228363037 0.017736105248332024 -0.4552256464958191
vn 0.8385617733001709 0.02516396902501583 0.5442250967025757
vn 0.1358920782804489 0.8582671880722046 0.4948846399784088
vn 0.4186331033706665 0.7133878469467163 0.561982274055481
vn 0.5984413623809814 0.01985764503479004 0.8009204864501953
vn 0.2394755780696869 0.024248715490102768 0.9705995321273804
vn -0.03719237446784973 0.9531704187393188 0.3001381754875183
vn -0.15865689516067505 0.02277650125324726 0.9870710372924805
vn -0.7899100184440613 0.029394017532467842 0.6125178933143616
vn -0.33714786171913147 0.9031527042388916 0.26579421758651733
vn -0.8734862804412842 0.3403279185295105 -0.34813591837882996
vn -0.2024267017841339 0.7844066619873047 -0.5862845778465271
vn -0.7967774271965027 0.02858101762831211 -0.603596568107605
vn -0.8566290140151978 0.018689725548028946 -0.5155943036079407
vn -0.07933676987886429 0.5980814099311829 -0.7974988222122192
vn 0.2009447067975998 0.021377701312303543 -0.9793693423271179
vn 0.967072606086731 0.016659798100590706 0.2539549469947815
vn 0.6165374517440796 0.7244455218315125 0.30831849575042725
vn -0.25699925422668457 0.7142919301986694 -0.6509519219398499
vn -0.4486900568008423 0.7229970097541809 -0.5253119468688965
vn -0.5120793581008911 0.018901463598012924 -0.858730137348175
vn -0.3671475648880005 0.020428216084837914 -0.9299383759498596
vn 0.5553989410400391 0.793407678604126 -0.2490709275007248
vn 0.49388566613197327 0.03484587371349335 -0.8688284158706665
vn -0.4206286668777466 0.8349643349647522 -0.35483255982398987
vn -0.7613329887390137 0.014353462494909763 -0.6482021808624268
vn 0.049292322248220444 0.8264728784561157 -0.5608144998550415
vn 0.044908083975315094 0.9414852261543274 -0.3340491056442261
vn 0.054105933755636215 0.028818404302001 -0.9981192946434021
vn 0.049044348299503326 0.029191723093390465 -0.9983699321746826
vn 0.006254266481846571 0.9999803900718689 -0.00035074999323114753
vn 0.007166095077991486 0.9999733567237854 0.0014055900974199176
vn 0.013218316249549389 0.9998342990875244 -0.012521475553512573
vn 0.0 1.0 0.0
vn 0.0 1.0 0.0
vn 0.0 1.0 0.0
vn 0.028373291715979576 0.9992864727973938 -0.024930212646722794
vn -0.3077625334262848 0.951008141040802 -0.029424656182527542
vn 0.02463768608868122 0.9993845224380493 -0.02497374452650547
vn 0.0 1.0 0.0
vn 0.0 1.0 0.0
vn -0.9952958226203918 0.02261597290635109 -0.09420590102672577
vn -0.995331883430481 0.02371160127222538 -0.09355323016643524
vn -0.019296685233712196 0.9706278443336487 -0.23981089890003204
vn -0.07911165803670883 0.5834509134292603 0.8082860708236694
vn -0.08210427314043045 0.027066485956311226 -0.9962561726570129
vn -0.08016510307788849 0.032323699444532394 -0.9962574243545532
vn -0.01064656488597393 0.03759150207042694 0.9992364645004272
vn -0.0973086953163147 0.04567349702119827 0.9942057132720947
vn -0.18447677791118622 0.04953370988368988 0.9815878868103027
vn -0.07717978209257126 0.9004684686660767 0.4280184805393219
vn 0.0 1.0 0.0
vn 0.0 1.0 0.0
vn -0.2605486512184143 0.6257537007331848 -0.7352187633514404
vn -0.3932817578315735 0.8457117676734924 -0.3606952428817749
vn -0.7353658676147461 0.022323330864310265 -0.6773024797439575
vn -0.3335687220096588 0.026346996426582336 -0.94235759973526
vn -0.5959358811378479 0.8020459413528442 0.03978487104177475
vn -0.7106863856315613 0.697015643119812 0.09536261856555939
vn -0.9901390075683594 -0.013342984020709991 0.13945165276527405
vn -0.9998062252998352 0.018706418573856354 -0.006131553091108799
vn 0.6396929025650024 0.7311195731163025 0.2371860146522522
vn -0.8441076278686523 0.47242072224617004 -0.25357645750045776
vn 0.004318368621170521 0.9999682307243347 0.006703803315758705
vn 0.394120454788208 0.8344802260398865 0.3851127624511719
vn -0.9569950699806213 0.024245571345090866 -0.28908929228782654
vn -0.9568508863449097 0.02099832147359848 -0.2898198664188385
vn 0.9377782940864563 0.03562066704034805 0.3454028367996216
vn 0.7177005410194397 0.0169711634516716 0.6961450576782227
vn 0.7205790877342224 0.022269587963819504 0.6930150389671326
vn 0.9385226368904114 0.0433431901037693 0.34248608350753784
vn 0.15926919877529144 0.3730616867542267 0.9140340685844421
vn 0.5442224740982056 0.025162696838378906 0.8385635614395142
vn -0.4552243947982788 0.017741013318300247 0.8902000188827515
vn -0.5705220699310303 0.6001013517379761 0.5606986284255981
vn 0.49508753418922424 0.8575138449668884 0.13985152542591095
vn 0.9688363671302795 0.024227574467658997 0.24651409685611725
vn 0.8009176850318909 0.019853321835398674 0.5984452962875366
vn 0.5619769096374512 0.7133891582489014 0.41863828897476196
vn 0.3008273243904114 0.9531201124191284 -0.03263469412922859
vn 0.26703891158103943 0.9042190909385681 -0.3332838714122772
vn 0.6185912489891052 0.029521962627768517 -0.7851582169532776
vn 0.9892675876617432 0.022885870188474655 -0.14431193470954895
vn -0.34812355041503906 0.3403307795524597 -0.8734901547431946
vn -0.5155810117721558 0.01869041472673416 -0.8566369414329529
vn -0.603570282459259 0.028586994856595993 -0.7967972159385681
vn -0.5862801671028137 0.7844029068946838 -0.20245414972305298
vn -0.9793696403503418 0.02138572931289673 0.20094214379787445
vn -0.7974974513053894 0.5980833172798157 -0.07933556288480759
vn 0.30831587314605713 0.7244477868080139 0.6165361404418945
vn 0.2539686858654022 0.016660217195749283 0.9670689702033997
vn -0.6509519219398499 0.7142927646636963 -0.25699692964553833
vn -0.9299349784851074 0.02044047601521015 -0.3671554625034332
vn -0.8587304353713989 0.018900562077760696 -0.5120790004730225
vn -0.5253105163574219 0.7229965329170227 -0.4486924409866333
vn -0.2490578293800354 0.7934122085571289 0.5553984045982361
vn -0.8688454627990723 0.034844573587179184 0.49385568499565125
vn -0.3548276424407959 0.8349637985229492 -0.42063379287719727
vn -0.6481985449790955 0.014345579780638218 -0.7613362073898315
vn -0.5608145594596863 0.8264747262001038 0.04926161468029022
vn -0.998374879360199 0.029198668897151947 0.048939041793346405
vn -0.9981221556663513 0.028821531683206558 0.054051537066698074
vn -0.3340449631214142 0.9414870142936707 0.04490301012992859
vn 0.0014039574889466166 0.9999733567237854 0.007166789844632149
vn -0.00035237311385571957 0.9999803900718689 0.006255373824387789
vn -0.012518885545432568 0.9998343586921692 0.013215935789048672
vn 0.0 1.0 0.0
vn 0.0 1.0 0.0
vn 0.0 1.0 0.0
vn -0.029155300930142403 0.9510083794593811 -0.3077874481678009
vn -0.024925008416175842 0.9992867112159729 0.028368938714265823
vn -0.02497207187116146 0.9993845820426941 0.024636156857013702
vn 0.0 1.0 0.0
vn 0.0 1.0 0.0
vn -0.09272660315036774 0.023718535900115967 -0.9954090714454651
vn -0.09335613250732422 0.022637929767370224 -0.9953754544258118
vn 0.8082820773124695 0.5834560990333557 -0.0791143923997879
vn -0.23981080949306488 0.9706278443336487 -0.019297685474157333
vn -0.9962570667266846 0.03232381492853165 -0.08016926050186157
vn -0.9962558150291443 0.027067003771662712 -0.0821082815527916
vn 0.9992361664772034 0.03759881108999252 -0.010649316012859344
vn 0.9942049384117126 0.0456826388835907 -0.09731245785951614
vn 0.9815864562988281 0.04954179748892784 -0.18448226153850555
vn 0.42801693081855774 0.9004690051078796 -0.07718254625797272
vn 0.0 1.0 0.0
vn 0.0 1.0 0.0
vt 0.8106998205184937 0.9629784226417542
vt 0.8106998205184937 0.9579727649688721
vt 0.6961489319801331 0.9579727649688721
vt 0.6961489319801331 0.9629784226417542
vt 0.8221550583839417 0.3205777406692505
vt 0.8463749885559082 0.3205777406692505
vt 0.8463749885559082 0.9882194399833679
vt 0.8221551179885864 0.9882194399833679
vt 0.6961489319801331 0.9579727649688721
vt 0.8106998205184937 0.9579727649688721
vt 0.8106998205184937 0.49639225006103516
vt 0.6961489319801331 0.49639225006103516
vt 0.03543052449822426 0.49639225006103516
vt 0.028949642553925514 0.49639225006103516
vt 0.028949642553925514 0.8541955351829529
vt 0.03543052449822426 0.850356936454773
vt 0.1358458399772644 0.9579727649688721
vt 0.13034991919994354 0.9629784226417542
vt 0.8463498950004578 0.3067505955696106
vt 0.8219580054283142 0.3067505955696106
vt 0.8219580054283142 0.9880998730659485
vt 0.8463498950004578 0.9881294965744019
vt 0.028949642553925514 0.8541955351829529
vt 0.028949642553925514 0.49639225006103516
vt 0.004210211336612701 0.49639225006103516
vt 0.004210211336612701 0.8617206811904907
vt 0.6961489319801331 0.9915580749511719
vt 0.6961489319801331 0.9629784226417542
vt 0.13034991919994354 0.9629784226417542
vt 0.12337467074394226 0.9915580749511719
vt 0.6961489319801331 0.0380171537399292
vt 0.8106998205184937 0.0380171537399292
vt 0.8106998205184937 0.03243529796600342
vt 0.6961489319801331 0.03243529796600342
vt 0.8463498950004578 0.42664992809295654
vt 0.821968138217926 0.42664992809295654
vt 0.8219601511955261 0.9716076850891113
vt 0.846349835395813 0.9716607928276062
vt 0.8106998205184937 0.0380171537399292
vt 0.6961489319801331 0.0380171537399292
vt 0.03543052449822426 0.1366177201271057
vt 0.028949642553925514 0.13235598802566528
vt 0.13767433166503906 0.03243529796600342
vt 0.14309902489185333 0.0380171537399292
vt 0.8219580054283142 0.3067505955696106
vt 0.8463498950004578 0.3067505955696106
vt 0.8463498950004578 0.9885531663894653
vt 0.8219580054283142 0.9893158674240112
vt 0.028949642553925514 0.13235598802566528
vt 0.004210211336612701 0.12663042545318604
vt 0.8221551179885864 0.30655544996261597
vt 0.8463749885559082 0.30662477016448975
vt 0.8463749885559082 0.9882194399833679
vt 0.8221551179885864 0.9882194399833679
vt 0.6961489319801331 0.0067923665046691895
vt 0.12182366847991943 0.0067923665046691895
vt 0.13007888197898865 0.03243529796600342
vt 0.13767433166503906 0.03243529796600342
vt 0.6961489319801331 0.03243529796600342
vt 0.8463498950004578 0.42664992809295654
vt 0.8219727873802185 0.42664992809295654
vt 0.8106998205184937 0.9629784226417542
vt 0.8106998205184937 0.9915580749511719
vt 0.8106998205184937 0.03243529796600342
vt 0.8106998205184937 0.0067923665046691895
vt 0.13383440673351288 0.006792426109313965
vt 0.581598162651062 0.0067923665046691895
vt 0.581598162651062 0.03243529796600342
vt 0.1358702927827835 0.03243529796600342
vt 0.581598162651062 0.03243529796600342
vt 0.581598162651062 0.0380171537399292
vt 0.14109721779823303 0.0380171537399292
vt 0.1358702927827835 0.03243529796600342
vt 0.04808634892106056 0.13311666250228882
vt 0.581598162651062 0.49639225006103516
vt 0.03543052449822426 0.1399439573287964
vt 0.03543052449822426 0.49639225006103516
vt 0.028949761763215065 0.49639225006103516
vt 0.028949761763215065 0.1359129548072815
vt 0.03543052449822426 0.1399439573287964
vt 0.028949761763215065 0.49639225006103516
vt 0.004210330545902252 0.49639225006103516
vt 0.004210330545902252 0.1266363263130188
vt 0.028949761763215065 0.1359129548072815
vt 0.8463749885559082 0.3067181706428528
vt 0.8221551179885864 0.30656617879867554
vt 0.004210330545902252 0.8613120913505554
vt 0.028949761763215065 0.853431761264801
vt 0.03543052449822426 0.8498668074607849
vt 0.028949761763215065 0.853431761264801
vt 0.12963631749153137 0.942724347114563
vt 0.13727787137031555 0.9579726457595825
vt 0.581598162651062 0.9579726457595825
vt 0.581598162651062 0.9629783034324646
vt 0.13299015164375305 0.9629783034324646
vt 0.13727787137031555 0.9579726457595825
vt 0.581598162651062 0.9629783034324646
vt 0.581598162651062 0.9915579557418823
vt 0.1333903670310974 0.9915579557418823
vt 0.13299015164375305 0.9629783034324646
vt 0.8463499546051025 0.9734429121017456
vt 0.8219611048698425 0.9727522730827332
vt 0.13194291293621063 0.9457608461380005
vt 0.1358458399772644 0.9579727649688721
vt 0.8463751077651978 0.3205777406692505
vt 0.8221551179885864 0.3205777406692505
vt 0.0460515022277832 0.9424411654472351
vt 0.04714984446763992 0.8550096750259399
vt 0.04778864234685898 0.05432534217834473
vt 0.13767603039741516 0.047422826290130615
vt 0.14309902489185333 0.0380171537399292
vt 0.13549993932247162 0.0380171537399292
vt 0.1282137632369995 0.051326096057891846
vt 0.03543052449822426 0.49639225006103516
vt 0.03543052449822426 0.1366177201271057
vt 0.05079091712832451 0.1283552646636963
vt 0.03543052449822426 0.850356936454773
vt 0.044038400053977966 0.8528246283531189
vt 0.581598162651062 0.9579726457595825
vt 0.03543052449822426 0.8498668074607849
vt 0.03543052449822426 0.49639225006103516
vt 0.14109721779823303 0.0380171537399292
vt 0.581598162651062 0.0380171537399292
vt 0.13007888197898865 0.03243529796600342
vt 0.13549993932247162 0.0380171537399292
vt 0.051501139998435974 0.05346578359603882
vt 0.04304090514779091 0.9444390535354614
vt 0.8902891874313354 0.21782678365707397
vt 0.8400193452835083 0.15040916204452515
vt 0.9435714483261108 0.012698471546173096
vt 0.9435714483261108 0.06263715028762817
vt 0.93257737159729 0.7381856441497803
vt 0.9867165088653564 0.7381856441497803
vt 0.9867165088653564 0.7772622108459473
vt 0.93257737159729 0.7772622108459473
vt 0.93257737159729 0.8486387133598328
vt 0.9867165088653564 0.8486387133598328
vt 0.9867165088653564 0.992453396320343
vt 0.93257737159729 0.992453396320343
vt 0.93257737159729 0.8486387133598328
vt 0.93257737159729 0.7772622108459473
vt 0.9867165088653564 0.7772622108459473
vt 0.9867165088653564 0.8486387133598328
vt 0.93257737159729 0.6464478373527527
vt 0.9867165088653564 0.6464478373527527
vt 0.9867165088653564 0.7381856441497803
vt 0.93257737159729 0.7381856441497803
vt 0.9384332299232483 0.006011843681335449
vt 0.862261950969696 0.10272371768951416
vt 0.8212929964065552 0.0807265043258667
vt 0.8219210505485535 0.15332049131393433
vt 0.9435714483261108 0.34811586141586304
vt 0.8756887912750244 0.26149052381515503
vt 0.8986160755157471 0.2367658019065857
vt 0.9435714483261108 0.2929631471633911
vt 0.8902891874313354 0.21782678365707397
vt 0.9435714483261108 0.10490554571151733
vt 0.8902891874313354 0.21782678365707397
vt 0.8400193452835083 0.15040916204452515
vt 0.93257737159729 0.7381856441497803
vt 0.93257737159729 0.7772622108459473
vt 0.9867165088653564 0.7772622108459473
vt 0.9867165088653564 0.7381856441497803
vt 0.93257737159729 0.8486387133598328
vt 0.93257737159729 0.992453396320343
vt 0.9867165088653564 0.992453396320343
vt 0.9867165088653564 0.8486387133598328
vt 0.93257737159729 0.8486387133598328
vt 0.9867165088653564 0.8486387133598328
vt 0.9867165088653564 0.7772622108459473
vt 0.93257737159729 0.7772622108459473
vt 0.93257737159729 0.6464478373527527
vt 0.93257737159729 0.7381856441497803
vt 0.9867165088653564 0.7381856441497803
vt 0.9867165088653564 0.6464478373527527
vt 0.9435714483261108 0.10490554571151733
vt 0.8986160755157471 0.2367658019065857
vt 0.9435714483261108 0.22831720113754272
vt 0.9435714483261108 0.2929631471633911
vt 0.8986160755157471 0.2367658019065857
vt 0.8756887912750244 0.26149052381515503
vt 0.8902891874313354 0.21782678365707397
vt 0.9435714483261108 0.06263715028762817
vt 0.8737882375717163 0.7279053926467896
vt 0.9149649143218994 0.7279053926467896
vt 0.9149649143218994 0.8068892359733582
vt 0.8737882375717163 0.8068892359733582
vt 0.8737882375717163 0.9387989044189453
vt 0.9149648547172546 0.9387989044189453
vt 0.9149647951126099 0.9915164113044739
vt 0.8737882375717163 0.9915164113044739
vt 0.9225689768791199 0.5140697956085205
vt 0.9296284914016724 0.5465362668037415
vt 0.8735163807868958 0.5692537426948547
vt 0.8583847284317017 0.5042571425437927
vt 0.8737882375717163 0.886081337928772
vt 0.9149649143218994 0.886081337928772
vt 0.9549096822738647 0.18911004066467285
vt 0.9960349202156067 0.18911004066467285
vt 0.9960349202156067 0.23260700702667236
vt 0.9549096822738647 0.23260700702667236
vt 0.9549096822738647 0.42660534381866455
vt 0.9549096822738647 0.38768643140792847
vt 0.9960349202156067 0.38768643140792847
vt 0.9960349202156067 0.42660534381866455
vt 0.9549096822738647 0.4894680380821228
vt 0.9549096822738647 0.42660534381866455
vt 0.9960349202156067 0.42660534381866455
vt 0.9960349202156067 0.4894680380821228
vt 0.8737882375717163 0.6012033224105835
vt 0.9149649143218994 0.6012033224105835
vt 0.9149649143218994 0.6643915176391602
vt 0.8737882375717163 0.6643915176391602
vt 0.9549096822738647 0.30526745319366455
vt 0.9549096822738647 0.29079383611679077
vt 0.9960349202156067 0.29079383611679077
vt 0.9960349202156067 0.30526745319366455
vt 0.9549096822738647 0.35490190982818604
vt 0.9960349202156067 0.35490190982818604
vt 0.9960349202156067 0.27108097076416016
vt 0.9549096822738647 0.27108097076416016
vt 0.9549096822738647 0.35490190982818604
vt 0.9549096822738647 0.3268797993659973
vt 0.9960349202156067 0.3268797993659973
vt 0.9960349202156067 0.35490190982818604
vt 0.9549096822738647 0.287757933139801
vt 0.9960349202156067 0.287757933139801
vt 0.9549096822738647 0.3268797993659973
vt 0.9960349202156067 0.3268797993659973
vt 0.9549096822738647 0.29079383611679077
vt 0.9549096822738647 0.287757933139801
vt 0.9960349202156067 0.287757933139801
vt 0.9960349202156067 0.29079383611679077
vt 0.9528480768203735 0.5651773810386658
vt 0.9352903366088867 0.596636176109314
vt 0.995025098323822 0.5429559946060181
vt 0.9463773965835571 0.5112667679786682
vt 0.9739373922348022 0.49911272525787354
vt 0.9316571354866028 0.5326964259147644
vt 0.9656848907470703 0.5638338327407837
vt 0.9896889925003052 0.5960808396339417
vt 0.965919554233551 0.5614957809448242
vt 0.9546802043914795 0.5617728233337402
vt 0.9410400390625 0.5518431663513184
vt 0.8737882375717163 0.6643915176391602
vt 0.9149649143218994 0.6643915176391602
vt 0.8581863641738892 0.45716392993927
vt 0.9225689768791199 0.44273293018341064
vt 0.9149648547172546 0.9387989044189453
vt 0.8737882375717163 0.9387989044189453
vt 0.9960349202156067 0.09690612554550171
vt 0.9549096822738647 0.09690612554550171
vt 0.9960469603538513 0.0343320369720459
vt 0.9543442726135254 0.03470116853713989
vt 0.9225690960884094 0.39460593461990356
vt 0.8582931756973267 0.4110564589500427
vt 0.8737882375717163 0.7279053926467896
vt 0.8737882375717163 0.8068892359733582
vt 0.9149649143218994 0.8068892359733582
vt 0.9149649143218994 0.7279053926467896
vt 0.8737882375717163 0.9387989044189453
vt 0.8737882375717163 0.9915164113044739
vt 0.9149647951126099 0.9915164113044739
vt 0.9149648547172546 0.9387989044189453
vt 0.9225689768791199 0.5140697956085205
vt 0.8583847284317017 0.5042571425437927
vt 0.8735163807868958 0.5692537426948547
vt 0.9296284914016724 0.5465362668037415
vt 0.8737882375717163 0.886081337928772
vt 0.9149649143218994 0.886081337928772
vt 0.9549096822738647 0.18911004066467285
vt 0.9549096822738647 0.23260700702667236
vt 0.9960349202156067 0.23260700702667236
vt 0.9960349202156067 0.18911004066467285
vt 0.9549096822738647 0.42660534381866455
vt 0.9960349202156067 0.42660534381866455
vt 0.9960349202156067 0.38768643140792847
vt 0.9549096822738647 0.38768643140792847
vt 0.9549096822738647 0.4894680380821228
vt 0.9960349202156067 0.4894680380821228
vt 0.9960349202156067 0.42660534381866455
vt 0.9549096822738647 0.42660534381866455
vt 0.8737882375717163 0.6012033224105835
vt 0.8737882375717163 0.6643915176391602
vt 0.9149649143218994 0.6643915176391602
vt 0.9149649143218994 0.6012033224105835
vt 0.9549096822738647 0.30526745319366455
vt 0.9960349202156067 0.30526745319366455
vt 0.9960349202156067 0.29079383611679077
vt 0.9549096822738647 0.29079383611679077
vt 0.9960349202156067 0.35490190982818604
vt 0.9549096822738647 0.35490190982818604
vt 0.9549096822738647 0.27108097076416016
vt 0.9960349202156067 0.27108097076416016
vt 0.9549096822738647 0.35490190982818604
vt 0.9960349202156067 0.35490190982818604
vt 0.9960349202156067 0.3268797993659973
vt 0.9549096822738647 0.3268797993659973
vt 0.9549096822738647 0.287757933139801
vt 0.9960349202156067 0.287757933139801
vt 0.9549096822738647 0.3268797993659973
vt 0.9960349202156067 0.3268797993659973
vt 0.9549096822738647 0.29079383611679077
vt 0.9960349202156067 0.29079383611679077
vt 0.9960349202156067 0.287757933139801
vt 0.9549096822738647 0.287757933139801
vt 0.9352903366088867 0.596636176109314
vt 0.9528480768203735 0.5651773810386658
vt 0.995025098323822 0.5429559946060181
vt 0.9739373922348022 0.49911272525787354
vt 0.9463773965835571 0.5112667679786682
vt 0.9316571354866028 0.5326964259147644
vt 0.9896889925003052 0.5960808396339417
vt 0.9656848907470703 0.5638338327407837
vt 0.965919554233551 0.5614957809448242
vt 0.9410400390625 0.5518431663513184
vt 0.9546802043914795 0.5617728233337402
vt 0.9149649143218994 0.6643915176391602
vt 0.8737882375717163 0.6643915176391602
vt 0.9225689768791199 0.44273293018341064
vt 0.8581863641738892 0.45716392993927
vt 0.8737882375717163 0.9387989044189453
vt 0.9149648547172546 0.9387989044189453
vt 0.9960349202156067 0.09690612554550171
vt 0.9549096822738647 0.09690612554550171
vt 0.9960469603538513 0.0343320369720459
vt 0.9543442726135254 0.03470116853713989
vt 0.9225690960884094 0.39460593461990356
vt 0.8582931756973267 0.4110564589500427
vt 0.8902891874313354 0.21782678365707397
vt 0.9435714483261108 0.06263715028762817
vt 0.9435714483261108 0.012698471546173096
vt 0.8400193452835083 0.15040916204452515
vt 0.93257737159729 0.7381856441497803
vt 0.93257737159729 0.7772622108459473
vt 0.9867165088653564 0.7772622108459473
vt 0.9867165088653564 0.7381856441497803
vt 0.93257737159729 0.8486387133598328
vt 0.93257737159729 0.992453396320343
vt 0.9867165088653564 0.992453396320343
vt 0.9867165088653564 0.8486387133598328
vt 0.93257737159729 0.8486387133598328
vt 0.9867165088653564 0.8486387133598328
vt 0.9867165088653564 0.7772622108459473
vt 0.93257737159729 0.7772622108459473
vt 0.93257737159729 0.6464478373527527
vt 0.93257737159729 0.7381856441497803
vt 0.9867165088653564 0.7381856441497803
vt 0.9867165088653564 0.6464478373527527
vt 0.9384332299232483 0.006011843681335449
vt 0.8212929964065552 0.0807265043258667
vt 0.862261950969696 0.10272371768951416
vt 0.8219210505485535 0.15332049131393433
vt 0.9435714483261108 0.34811586141586304
vt 0.9435714483261108 0.2929631471633911
vt 0.8986160755157471 0.2367658019065857
vt 0.8756887912750244 0.26149052381515503
vt 0.8902891874313354 0.21782678365707397
vt 0.9435714483261108 0.10490554571151733
vt 0.8902891874313354 0.21782678365707397
vt 0.8400193452835083 0.15040916204452515
vt 0.93257737159729 0.7381856441497803
vt 0.9867165088653564 0.7381856441497803
vt 0.9867165088653564 0.7772622108459473
vt 0.93257737159729 0.7772622108459473
vt 0.93257737159729 0.8486387133598328
vt 0.9867165088653564 0.8486387133598328
vt 0.9867165088653564 0.992453396320343
vt 0.93257737159729 0.992453396320343
vt 0.93257737159729 0.8486387133598328
vt 0.93257737159729 0.7772622108459473
vt 0.9867165088653564 0.7772622108459473
vt 0.9867165088653564 0.8486387133598328
vt 0.93257737159729 0.6464478373527527
vt 0.9867165088653564 0.6464478373527527
vt 0.9867165088653564 0.7381856441497803
vt 0.93257737159729 0.7381856441497803
vt 0.9435714483261108 0.10490554571151733
vt 0.9435714483261108 0.22831720113754272
vt 0.8986160755157471 0.2367658019065857
vt 0.9435714483261108 0.2929631471633911
vt 0.8756887912750244 0.26149052381515503
vt 0.8986160755157471 0.2367658019065857
vt 0.8902891874313354 0.21782678365707397
vt 0.9435714483261108 0.06263715028762817
vt 0.8737882375717163 0.7279053926467896
vt 0.8737882375717163 0.8068892359733582
vt 0.9149649143218994 0.8068892359733582
vt 0.9149649143218994 0.7279053926467896
vt 0.8737882375717163 0.9387989044189453
vt 0.8737882375717163 0.9915164113044739
vt 0.9149647951126099 0.9915164113044739
vt 0.9149648547172546 0.9387989044189453
vt 0.9225689768791199 0.5140697956085205
vt 0.8583847284317017 0.5042571425437927
vt 0.8735163807868958 0.5692537426948547
vt 0.9296284914016724 0.5465362668037415
vt 0.8737882375717163 0.886081337928772
vt 0.9149649143218994 0.886081337928772
vt 0.9549096822738647 0.18911004066467285
vt 0.9549096822738647 0.23260700702667236
vt 0.9960349202156067 0.23260700702667236
vt 0.9960349202156067 0.18911004066467285
vt 0.9549096822738647 0.42660534381866455
vt 0.9960349202156067 0.42660534381866455
vt 0.9960349202156067 0.38768643140792847
vt 0.9549096822738647 0.38768643140792847
vt 0.9549096822738647 0.4894680380821228
vt 0.9960349202156067 0.4894680380821228
vt 0.9960349202156067 0.42660534381866455
vt 0.9549096822738647 0.42660534381866455
vt 0.8737882375717163 0.6012033224105835
vt 0.8737882375717163 0.6643915176391602
vt 0.9149649143218994 0.6643915176391602
vt 0.9149649143218994 0.6012033224105835
vt 0.9549096822738647 0.30526745319366455
vt 0.9960349202156067 0.30526745319366455
vt 0.9960349202156067 0.29079383611679077
vt 0.9549096822738647 0.29079383611679077
vt 0.9960349202156067 0.35490190982818604
vt 0.9549096822738647 0.35490190982818604
vt 0.9549096822738647 0.27108097076416016
vt 0.9960349202156067 0.27108097076416016
vt 0.9549096822738647 0.35490190982818604
vt 0.9960349202156067 0.35490190982818604
vt 0.9960349202156067 0.3268797993659973
vt 0.9549096822738647 0.3268797993659973
vt 0.9549096822738647 0.287757933139801
vt 0.9960349202156067 0.287757933139801
vt 0.9549096822738647 0.3268797993659973
vt 0.9960349202156067 0.3268797993659973
vt 0.9549096822738647 0.29079383611679077
vt 0.9960349202156067 0.29079383611679077
vt 0.9960349202156067 0.287757933139801
vt 0.9549096822738647 0.287757933139801
vt 0.9352903366088867 0.596636176109314
vt 0.9528480768203735 0.5651773810386658
vt 0.995025098323822 0.5429559946060181
vt 0.9739373922348022 0.49911272525787354
vt 0.9463773965835571 0.5112667679786682
vt 0.9316571354866028 0.5326964259147644
vt 0.9896889925003052 0.5960808396339417
vt 0.9656848907470703 0.5638338327407837
vt 0.965919554233551 0.5614957809448242
vt 0.9410400390625 0.5518431663513184
vt 0.9546802043914795 0.5617728233337402
vt 0.9149649143218994 0.6643915176391602
vt 0.8737882375717163 0.6643915176391602
vt 0.9225689768791199 0.44273293018341064
vt 0.8581863641738892 0.45716392993927
vt 0.8737882375717163 0.9387989044189453
vt 0.9149648547172546 0.9387989044189453
vt 0.9960349202156067 0.09690612554550171
vt 0.9549096822738647 0.09690612554550171
vt 0.9960469603538513 0.0343320369720459
vt 0.9543442726135254 0.03470116853713989
vt 0.9225690960884094 0.39460593461990356
vt 0.8582931756973267 0.4110564589500427
vt 0.8737882375717163 0.7279053926467896
vt 0.9149649143218994 0.7279053926467896
vt 0.9149649143218994 0.8068892359733582
vt 0.8737882375717163 0.8068892359733582
vt 0.8737882375717163 0.9387989044189453
vt 0.9149648547172546 0.9387989044189453
vt 0.9149647951126099 0.9915164113044739
vt 0.8737882375717163 0.9915164113044739
vt 0.9225689768791199 0.5140697956085205
vt 0.9296284914016724 0.5465362668037415
vt 0.8735163807868958 0.5692537426948547
vt 0.8583847284317017 0.5042571425437927
vt 0.8737882375717163 0.886081337928772
vt 0.9149649143218994 0.886081337928772
vt 0.9549096822738647 0.18911004066467285
vt 0.9960349202156067 0.18911004066467285
vt 0.9960349202156067 0.23260700702667236
vt 0.9549096822738647 0.23260700702667236
vt 0.9549096822738647 0.42660534381866455
vt 0.9549096822738647 0.38768643140792847
vt 0.9960349202156067 0.38768643140792847
vt 0.9960349202156067 0.42660534381866455
vt 0.9549096822738647 0.4894680380821228
vt 0.9549096822738647 0.42660534381866455
vt 0.9960349202156067 0.42660534381866455
vt 0.9960349202156067 0.4894680380821228
vt 0.8737882375717163 0.6012033224105835
vt 0.9149649143218994 0.6012033224105835
vt 0.9149649143218994 0.6643915176391602
vt 0.8737882375717163 0.6643915176391602
vt 0.9549096822738647 0.30526745319366455
vt 0.9549096822738647 0.29079383611679077
vt 0.9960349202156067 0.29079383611679077
vt 0.9960349202156067 0.30526745319366455
vt 0.9549096822738647 0.35490190982818604
vt 0.9960349202156067 0.35490190982818604
vt 0.9960349202156067 0.27108097076416016
vt 0.9549096822738647 0.27108097076416016
vt 0.9549096822738647 0.35490190982818604
vt 0.9549096822738647 0.3268797993659973
vt 0.9960349202156067 0.3268797993659973
vt 0.9960349202156067 0.35490190982818604
vt 0.9549096822738647 0.287757933139801
vt 0.9960349202156067 0.287757933139801
vt 0.9549096822738647 0.3268797993659973
vt 0.9960349202156067 0.3268797993659973
vt 0.9549096822738647 0.29079383611679077
vt 0.9549096822738647 0.287757933139801
vt 0.9960349202156067 0.287757933139801
vt 0.9960349202156067 0.29079383611679077
vt 0.9528480768203735 0.5651773810386658
vt 0.9352903366088867 0.596636176109314
vt 0.995025098323822 0.5429559946060181
vt 0.9463773965835571 0.5112667679786682
vt 0.9739373922348022 0.49911272525787354
vt 0.9316571354866028 0.5326964259147644
vt 0.9656848907470703 0.5638338327407837
vt 0.9896889925003052 0.5960808396339417
vt 0.965919554233551 0.5614957809448242
vt 0.9546802043914795 0.5617728233337402
vt 0.9410400390625 0.5518431663513184
vt 0.8737882375717163 0.6643915176391602
vt 0.9149649143218994 0.6643915176391602
vt 0.8581863641738892 0.45716392993927
vt 0.9225689768791199 0.44273293018341064
vt 0.9149648547172546 0.9387989044189453
vt 0.8737882375717163 0.9387989044189453
vt 0.9960349202156067 0.09690612554550171
vt 0.9549096822738647 0.09690612554550171
vt 0.9960469603538513 0.0343320369720459
vt 0.9543442726135254 0.03470116853713989
vt 0.9225690960884094 0.39460593461990356
vt 0.8582931756973267 0.4110564589500427
vt 0.8902891874313354 0.21782678365707397
vt 0.9435714483261108 0.06263715028762817
vt 0.9435714483261108 0.012698471546173096
vt 0.8400193452835083 0.15040916204452515
vt 0.93257737159729 0.7381856441497803
vt 0.93257737159729 0.7772622108459473
vt 0.9867165088653564 0.7772622108459473
vt 0.9867165088653564 0.7381856441497803
vt 0.93257737159729 0.8486387133598328
vt 0.93257737159729 0.992453396320343
vt 0.9867165088653564 0.992453396320343
vt 0.9867165088653564 0.8486387133598328
vt 0.93257737159729 0.8486387133598328
vt 0.9867165088653564 0.8486387133598328
vt 0.9867165088653564 0.7772622108459473
vt 0.93257737159729 0.7772622108459473
vt 0.93257737159729 0.6464478373527527
vt 0.93257737159729 0.7381856441497803
vt 0.9867165088653564 0.7381856441497803
vt 0.9867165088653564 0.6464478373527527
vt 0.9384332299232483 0.006011843681335449
vt 0.8212929964065552 0.0807265043258667
vt 0.862261950969696 0.10272371768951416
vt 0.8219210505485535 0.15332049131393433
vt 0.9435714483261108 0.34811586141586304
vt 0.9435714483261108 0.2929631471633911
vt 0.8986160755157471 0.2367658019065857
vt 0.8756887912750244 0.26149052381515503
vt 0.8902891874313354 0.21782678365707397
vt 0.9435714483261108 0.10490554571151733
vt 0.8902891874313354 0.21782678365707397
vt 0.8400193452835083 0.15040916204452515
vt 0.93257737159729 0.7381856441497803
vt 0.9867165088653564 0.7381856441497803
vt 0.9867165088653564 0.7772622108459473
vt 0.93257737159729 0.7772622108459473
vt 0.93257737159729 0.8486387133598328
vt 0.9867165088653564 0.8486387133598328
vt 0.9867165088653564 0.992453396320343
vt 0.93257737159729 0.992453396320343
vt 0.93257737159729 0.8486387133598328
vt 0.93257737159729 0.7772622108459473
vt 0.9867165088653564 0.7772622108459473
vt 0.9867165088653564 0.8486387133598328
vt 0.93257737159729 0.6464478373527527
vt 0.9867165088653564 0.6464478373527527
vt 0.9867165088653564 0.7381856441497803
vt 0.93257737159729 0.7381856441497803
vt 0.9435714483261108 0.10490554571151733
vt 0.9435714483261108 0.22831720113754272
vt 0.8986160755157471 0.2367658019065857
vt 0.9435714483261108 0.2929631471633911
vt 0.8756887912750244 0.26149052381515503
vt 0.8986160755157471 0.2367658019065857
vt 0.8902891874313354 0.21782678365707397
vt 0.9435714483261108 0.06263715028762817
vt 0.8737882375717163 0.7279053926467896
vt 0.8737882375717163 0.8068892359733582
vt 0.9149649143218994 0.8068892359733582
vt 0.9149649143218994 0.7279053926467896
vt 0.8737882375717163 0.9387989044189453
vt 0.8737882375717163 0.9915164113044739
vt 0.9149647951126099 0.9915164113044739
vt 0.9149648547172546 0.9387989044189453
vt 0.9225689768791199 0.5140697956085205
vt 0.8583847284317017 0.5042571425437927
vt 0.8735163807868958 0.5692537426948547
vt 0.9296284914016724 0.5465362668037415
vt 0.8737882375717163 0.886081337928772
vt 0.9149649143218994 0.886081337928772
vt 0.9549096822738647 0.18911004066467285
vt 0.9549096822738647 0.23260700702667236
vt 0.9960349202156067 0.23260700702667236
vt 0.9960349202156067 0.18911004066467285
vt 0.9549096822738647 0.42660534381866455
vt 0.9960349202156067 0.42660534381866455
vt 0.9960349202156067 0.38768643140792847
vt 0.9549096822738647 0.38768643140792847
vt 0.9549096822738647 0.4894680380821228
vt 0.9960349202156067 0.4894680380821228
vt 0.9960349202156067 0.42660534381866455
vt 0.9549096822738647 0.42660534381866455
vt 0.8737882375717163 0.6012033224105835
vt 0.8737882375717163 0.6643915176391602
vt 0.9149649143218994 0.6643915176391602
vt 0.9149649143218994 0.6012033224105835
vt 0.9549096822738647 0.30526745319366455
vt 0.9960349202156067 0.30526745319366455
vt 0.9960349202156067 0.29079383611679077
vt 0.9549096822738647 0.29079383611679077
vt 0.9960349202156067 0.35490190982818604
vt 0.9549096822738647 0.35490190982818604
vt 0.9549096822738647 0.27108097076416016
vt 0.9960349202156067 0.27108097076416016
vt 0.9549096822738647 0.35490190982818604
vt 0.9960349202156067 0.35490190982818604
vt 0.9960349202156067 0.3268797993659973
vt 0.9549096822738647 0.3268797993659973
vt 0.9549096822738647 0.287757933139801
vt 0.9960349202156067 0.287757933139801
vt 0.9549096822738647 0.3268797993659973
vt 0.9960349202156067 0.3268797993659973
vt 0.9549096822738647 0.29079383611679077
vt 0.9960349202156067 0.29079383611679077
vt 0.9960349202156067 0.287757933139801
vt 0.9549096822738647 0.287757933139801
vt 0.9352903366088867 0.596636176109314
vt 0.9528480768203735 0.5651773810386658
vt 0.995025098323822 0.5429559946060181
vt 0.9739373922348022 0.49911272525787354
vt 0.9463773965835571 0.5112667679786682
vt 0.9316571354866028 0.5326964259147644
vt 0.9896889925003052 0.5960808396339417
vt 0.9656848907470703 0.5638338327407837
vt 0.965919554233551 0.5614957809448242
vt 0.9410400390625 0.5518431663513184
vt 0.9546802043914795 0.5617728233337402
vt 0.9149649143218994 0.6643915176391602
vt 0.8737882375717163 0.6643915176391602
vt 0.9225689768791199 0.44273293018341064
vt 0.8581863641738892 0.45716392993927
vt 0.8737882375717163 0.9387989044189453
vt 0.9149648547172546 0.9387989044189453
vt 0.9960349202156067 0.09690612554550171
vt 0.9549096822738647 0.09690612554550171
vt 0.9960469603538513 0.0343320369720459
vt 0.9543442726135254 0.03470116853713989
vt 0.9225690960884094 0.39460593461990356
vt 0.8582931756973267 0.4110564589500427
vt 0.8737882375717163 0.7279053926467896
vt 0.9149649143218994 0.7279053926467896
vt 0.9149649143218994 0.8068892359733582
vt 0.8737882375717163 0.8068892359733582
vt 0.8737882375717163 0.9387989044189453
vt 0.9149648547172546 0.9387989044189453
vt 0.9149647951126099 0.9915164113044739
vt 0.8737882375717163 0.9915164113044739
vt 0.9225689768791199 0.5140697956085205
vt 0.9296284914016724 0.5465362668037415
vt 0.8735163807868958 0.5692537426948547
vt 0.8583847284317017 0.5042571425437927
vt 0.8737882375717163 0.886081337928772
vt 0.9149649143218994 0.886081337928772
vt 0.9549096822738647 0.18911004066467285
vt 0.9960349202156067 0.18911004066467285
vt 0.9960349202156067 0.23260700702667236
vt 0.9549096822738647 0.23260700702667236
vt 0.9549096822738647 0.42660534381866455
vt 0.9549096822738647 0.38768643140792847
vt 0.9960349202156067 0.38768643140792847
vt 0.9960349202156067 0.42660534381866455
vt 0.9549096822738647 0.4894680380821228
vt 0.9549096822738647 0.42660534381866455
vt 0.9960349202156067 0.42660534381866455
vt 0.9960349202156067 0.4894680380821228
vt 0.8737882375717163 0.6012033224105835
vt 0.9149649143218994 0.6012033224105835
vt 0.9149649143218994 0.6643915176391602
vt 0.8737882375717163 0.6643915176391602
vt 0.9549096822738647 0.30526745319366455
vt 0.9549096822738647 0.29079383611679077
vt 0.9960349202156067 0.29079383611679077
vt 0.9960349202156067 0.30526745319366455
vt 0.9549096822738647 0.35490190982818604
vt 0.9960349202156067 0.35490190982818604
vt 0.9960349202156067 0.27108097076416016
vt 0.9549096822738647 0.27108097076416016
vt 0.9549096822738647 0.35490190982818604
vt 0.9549096822738647 0.3268797993659973
vt 0.9960349202156067 0.3268797993659973
vt 0.9960349202156067 0.35490190982818604
vt 0.9549096822738647 0.287757933139801
vt 0.9960349202156067 0.287757933139801
vt 0.9549096822738647 0.3268797993659973
vt 0.9960349202156067 0.3268797993659973
vt 0.9549096822738647 0.29079383611679077
vt 0.9549096822738647 0.287757933139801
vt 0.9960349202156067 0.287757933139801
vt 0.9960349202156067 0.29079383611679077
vt 0.9528480768203735 0.5651773810386658
vt 0.9352903366088867 0.596636176109314
vt 0.995025098323822 0.5429559946060181
vt 0.9463773965835571 0.5112667679786682
vt 0.9739373922348022 0.49911272525787354
vt 0.9316571354866028 0.5326964259147644
vt 0.9656848907470703 0.5638338327407837
vt 0.9896889925003052 0.5960808396339417
vt 0.965919554233551 0.5614957809448242
vt 0.9546802043914795 0.5617728233337402
vt 0.9410400390625 0.5518431663513184
vt 0.8737882375717163 0.6643915176391602
vt 0.9149649143218994 0.6643915176391602
vt 0.8581863641738892 0.45716392993927
vt 0.9225689768791199 0.44273293018341064
vt 0.9149648547172546 0.9387989044189453
vt 0.8737882375717163 0.9387989044189453
vt 0.9960349202156067 0.09690612554550171
vt 0.9549096822738647 0.09690612554550171
vt 0.9960469603538513 0.0343320369720459
vt 0.9543442726135254 0.03470116853713989
vt 0.9225690960884094 0.39460593461990356
vt 0.8582931756973267 0.4110564589500427
vt 0.8902891874313354 0.21782678365707397
vt 0.8400193452835083 0.15040916204452515
vt 0.9435714483261108 0.012698471546173096
vt 0.9435714483261108 0.06263715028762817
vt 0.93257737159729 0.7381856441497803
vt 0.9867165088653564 0.7381856441497803
vt 0.9867165088653564 0.7772622108459473
vt 0.93257737159729 0.7772622108459473
vt 0.93257737159729 0.8486387133598328
vt 0.9867165088653564 0.8486387133598328
vt 0.9867165088653564 0.992453396320343
vt 0.93257737159729 0.992453396320343
vt 0.93257737159729 0.8486387133598328
vt 0.93257737159729 0.7772622108459473
vt 0.9867165088653564 0.7772622108459473
vt 0.9867165088653564 0.8486387133598328
vt 0.93257737159729 0.6464478373527527
vt 0.9867165088653564 0.6464478373527527
vt 0.9867165088653564 0.7381856441497803
vt 0.93257737159729 0.7381856441497803
vt 0.9384332299232483 0.006011843681335449
vt 0.862261950969696 0.10272371768951416
vt 0.8212929964065552 0.0807265043258667
vt 0.8219210505485535 0.15332049131393433
vt 0.9435714483261108 0.34811586141586304
vt 0.8756887912750244 0.26149052381515503
vt 0.8986160755157471 0.2367658019065857
vt 0.9435714483261108 0.2929631471633911
vt 0.8902891874313354 0.21782678365707397
vt 0.9435714483261108 0.10490554571151733
vt 0.8902891874313354 0.21782678365707397
vt 0.8400193452835083 0.15040916204452515
vt 0.93257737159729 0.7381856441497803
vt 0.93257737159729 0.7772622108459473
vt 0.9867165088653564 0.7772622108459473
vt 0.9867165088653564 0.7381856441497803
vt 0.93257737159729 0.8486387133598328
vt 0.93257737159729 0.992453396320343
vt 0.9867165088653564 0.992453396320343
vt 0.9867165088653564 0.8486387133598328
vt 0.93257737159729 0.8486387133598328
vt 0.9867165088653564 0.8486387133598328
vt 0.9867165088653564 0.7772622108459473
vt 0.93257737159729 0.7772622108459473
vt 0.93257737159729 0.6464478373527527
vt 0.93257737159729 0.7381856441497803
vt 0.9867165088653564 0.7381856441497803
vt 0.9867165088653564 0.6464478373527527
vt 0.9435714483261108 0.10490554571151733
vt 0.8986160755157471 0.2367658019065857
vt 0.9435714483261108 0.22831720113754272
vt 0.9435714483261108 0.2929631471633911
vt 0.8986160755157471 0.2367658019065857
vt 0.8756887912750244 0.26149052381515503
vt 0.8902891874313354 0.21782678365707397
vt 0.9435714483261108 0.06263715028762817
vt 0.8737882375717163 0.7279053926467896
vt 0.9149649143218994 0.7279053926467896
vt 0.9149649143218994 0.8068892359733582
vt 0.8737882375717163 0.8068892359733582
vt 0.8737882375717163 0.9387989044189453
vt 0.9149648547172546 0.9387989044189453
vt 0.9149647951126099 0.9915164113044739
vt 0.8737882375717163 0.9915164113044739
vt 0.9225689768791199 0.5140697956085205
vt 0.9296284914016724 0.5465362668037415
vt 0.8735163807868958 0.5692537426948547
vt 0.8583847284317017 0.5042571425437927
vt 0.8737882375717163 0.886081337928772
vt 0.9149649143218994 0.886081337928772
vt 0.9549096822738647 0.18911004066467285
vt 0.9960349202156067 0.18911004066467285
vt 0.9960349202156067 0.23260700702667236
vt 0.9549096822738647 0.23260700702667236
vt 0.9549096822738647 0.42660534381866455
vt 0.9549096822738647 0.38768643140792847
vt 0.9960349202156067 0.38768643140792847
vt 0.9960349202156067 0.42660534381866455
vt 0.9549096822738647 0.4894680380821228
vt 0.9549096822738647 0.42660534381866455
vt 0.9960349202156067 0.42660534381866455
vt 0.9960349202156067 0.4894680380821228
vt 0.8737882375717163 0.6012033224105835
vt 0.9149649143218994 0.6012033224105835
vt 0.9149649143218994 0.6643915176391602
vt 0.8737882375717163 0.6643915176391602
vt 0.9549096822738647 0.30526745319366455
vt 0.9549096822738647 0.29079383611679077
vt 0.9960349202156067 0.29079383611679077
vt 0.9960349202156067 0.30526745319366455
vt 0.9549096822738647 0.35490190982818604
vt 0.9960349202156067 0.35490190982818604
vt 0.9960349202156067 0.27108097076416016
vt 0.9549096822738647 0.27108097076416016
vt 0.9549096822738647 0.35490190982818604
vt 0.9549096822738647 0.3268797993659973
vt 0.9960349202156067 0.3268797993659973
vt 0.9960349202156067 0.35490190982818604
vt 0.9549096822738647 0.287757933139801
vt 0.9960349202156067 0.287757933139801
vt 0.9549096822738647 0.3268797993659973
vt 0.9960349202156067 0.3268797993659973
vt 0.9549096822738647 0.29079383611679077
vt 0.9549096822738647 0.287757933139801
vt 0.9960349202156067 0.287757933139801
vt 0.9960349202156067 0.29079383611679077
vt 0.9528480768203735 0.5651773810386658
vt 0.9352903366088867 0.596636176109314
vt 0.995025098323822 0.5429559946060181
vt 0.9463773965835571 0.5112667679786682
vt 0.9739373922348022 0.49911272525787354
vt 0.9316571354866028 0.5326964259147644
vt 0.9656848907470703 0.5638338327407837
vt 0.9896889925003052 0.5960808396339417
vt 0.965919554233551 0.5614957809448242
vt 0.9546802043914795 0.5617728233337402
vt 0.9410400390625 0.5518431663513184
vt 0.8737882375717163 0.6643915176391602
vt 0.9149649143218994 0.6643915176391602
vt 0.8581863641738892 0.45716392993927
vt 0.9225689768791199 0.44273293018341064
vt 0.9149648547172546 0.9387989044189453
vt 0.8737882375717163 0.9387989044189453
vt 0.9960349202156067 0.09690612554550171
vt 0.9549096822738647 0.09690612554550171
vt 0.9960469603538513 0.0343320369720459
vt 0.9543442726135254 0.03470116853713989
vt 0.9225690960884094 0.39460593461990356
vt 0.8582931756973267 0.4110564589500427
vt 0.8737882375717163 0.7279053926467896
vt 0.8737882375717163 0.8068892359733582
vt 0.9149649143218994 0.8068892359733582
vt 0.9149649143218994 0.7279053926467896
vt 0.8737882375717163 0.9387989044189453
vt 0.8737882375717163 0.9915164113044739
vt 0.9149647951126099 0.9915164113044739
vt 0.9149648547172546 0.9387989044189453
vt 0.9225689768791199 0.5140697956085205
vt 0.8583847284317017 0.5042571425437927
vt 0.8735163807868958 0.5692537426948547
vt 0.9296284914016724 0.5465362668037415
vt 0.8737882375717163 0.886081337928772
vt 0.9149649143218994 0.886081337928772
vt 0.9549096822738647 0.18911004066467285
vt 0.9549096822738647 0.23260700702667236
vt 0.9960349202156067 0.23260700702667236
vt 0.9960349202156067 0.18911004066467285
vt 0.9549096822738647 0.42660534381866455
vt 0.9960349202156067 0.42660534381866455
vt 0.9960349202156067 0.38768643140792847
vt 0.9549096822738647 0.38768643140792847
vt 0.9549096822738647 0.4894680380821228
vt 0.9960349202156067 0.4894680380821228
vt 0.9960349202156067 0.42660534381866455
vt 0.9549096822738647 0.42660534381866455
vt 0.8737882375717163 0.6012033224105835
vt 0.8737882375717163 0.6643915176391602
vt 0.9149649143218994 0.6643915176391602
vt 0.9149649143218994 0.6012033224105835
vt 0.9549096822738647 0.30526745319366455
vt 0.9960349202156067 0.30526745319366455
vt 0.9960349202156067 0.29079383611679077
vt 0.9549096822738647 0.29079383611679077
vt 0.9960349202156067 0.35490190982818604
vt 0.9549096822738647 0.35490190982818604
vt 0.9549096822738647 0.27108097076416016
vt 0.9960349202156067 0.27108097076416016
vt 0.9549096822738647 0.35490190982818604
vt 0.9960349202156067 0.35490190982818604
vt 0.9960349202156067 0.3268797993659973
vt 0.9549096822738647 0.3268797993659973
vt 0.9549096822738647 0.287757933139801
vt 0.9960349202156067 0.287757933139801
vt 0.9549096822738647 0.3268797993659973
vt 0.9960349202156067 0.3268797993659973
vt 0.9549096822738647 0.29079383611679077
vt 0.9960349202156067 0.29079383611679077
vt 0.9960349202156067 0.287757933139801
vt 0.9549096822738647 0.287757933139801
vt 0.9352903366088867 0.596636176109314
vt 0.9528480768203735 0.5651773810386658
vt 0.995025098323822 0.5429559946060181
vt 0.9739373922348022 0.49911272525787354
vt 0.9463773965835571 0.5112667679786682
vt 0.9316571354866028 0.5326964259147644
vt 0.9896889925003052 0.5960808396339417
vt 0.9656848907470703 0.5638338327407837
vt 0.965919554233551 0.5614957809448242
vt 0.9410400390625 0.5518431663513184
vt 0.9546802043914795 0.5617728233337402
vt 0.9149649143218994 0.6643915176391602
vt 0.8737882375717163 0.6643915176391602
vt 0.9225689768791199 0.44273293018341064
vt 0.8581863641738892 0.45716392993927
vt 0.8737882375717163 0.9387989044189453
vt 0.9149648547172546 0.9387989044189453
vt 0.9960349202156067 0.09690612554550171
vt 0.9549096822738647 0.09690612554550171
vt 0.9960469603538513 0.0343320369720459
vt 0.9543442726135254 0.03470116853713989
vt 0.9225690960884094 0.39460593461990356
vt 0.8582931756973267 0.4110564589500427
vt 0.3481563627719879 0.08796626329421997
vt 0.3481563627719879 0.07155686616897583
vt 0.28306010365486145 0.07155686616897583
vt 0.28306010365486145 0.08796626329421997
vt 0.5595835447311401 0.1115679144859314
vt 0.5598050355911255 0.09422451257705688
vt 0.28491392731666565 0.09422451257705688
vt 0.28491392731666565 0.11194461584091187
vt 0.5027971863746643 0.3485984802246094
vt 0.4040280282497406 0.3485991954803467
vt 0.40402770042419434 0.6684574484825134
vt 0.5027968883514404 0.6684575080871582
vt 0.2889685034751892 0.02856498956680298
vt 0.2889685034751892 0.04497414827346802
vt 0.566780686378479 0.04497414827346802
vt 0.566780686378479 0.02856498956680298
vt 0.008009768091142178 0.07155686616897583
vt 0.008009768091142178 0.08796626329421997
vt 0.2836248278617859 0.17567193508148193
vt 0.2836248278617859 0.1933920979499817
vt 0.5596519112586975 0.1933920979499817
vt 0.5596639513969421 0.17567193508148193
vt 0.008009768091142178 0.16941297054290771
vt 0.2858232855796814 0.1694137454032898
vt 0.2858232855796814 0.14218169450759888
vt 0.01085800863802433 0.14218109846115112
vt 0.28508174419403076 0.27495086193084717
vt 0.28508174419403076 0.30225539207458496
vt 0.5629078149795532 0.30226004123687744
vt 0.5611087679862976 0.274951696395874
vt 0.28033503890037537 0.0511513352394104
vt 0.2152378410100937 0.0511513352394104
vt 0.2152378410100937 0.06755977869033813
vt 0.28033503890037537 0.06755977869033813
vt 0.35028254985809326 0.19965022802352905
vt 0.35028254985809326 0.21737033128738403
vt 0.5607753992080688 0.21686822175979614
vt 0.560795783996582 0.19965022802352905
vt 0.40402737259864807 0.9897873401641846
vt 0.5027965307235718 0.9897881150245667
vt 0.008009768091142178 0.02856498956680298
vt 0.008105359971523285 0.04423314332962036
vt 0.5518283247947693 0.0655398964881897
vt 0.5518283247947693 0.0511513352394104
vt 0.2845293879508972 0.21737033128738403
vt 0.2845293879508972 0.19965022802352905
vt 0.008318783715367317 0.19965022802352905
vt 0.008009768091142178 0.2168872356414795
vt 0.5666876435279846 0.16921722888946533
vt 0.5627316832542419 0.14239174127578735
vt 0.5603963136672974 0.135748028755188
vt 0.5603671669960022 0.11820274591445923
vt 0.28348755836486816 0.11820274591445923
vt 0.28348755836486816 0.13592296838760376
vt 0.28596144914627075 0.3096083998680115
vt 0.00944219809025526 0.311123788356781
vt 0.008009768091142178 0.33673524856567383
vt 0.011739383451640606 0.3367251753807068
vt 0.2859688103199005 0.3359825015068054
vt 0.21787159144878387 0.17567193508148193
vt 0.21787159144878387 0.1933920979499817
vt 0.21932858228683472 0.3022574782371521
vt 0.21932858228683472 0.2749505639076233
vt 0.3517218828201294 0.335663378238678
vt 0.351714551448822 0.3092871308326721
vt 0.562207043170929 0.30851829051971436
vt 0.351714551448822 0.3092871308326721
vt 0.3517218828201294 0.335663378238678
vt 0.5610382556915283 0.334416925907135
vt 0.2152378410100937 0.06755977869033813
vt 0.2152378410100937 0.0511513352394104
vt 0.008009768091142178 0.0511513352394104
vt 0.008009768091142178 0.06543177366256714
vt 0.019885335117578506 0.9206730127334595
vt 0.40402770042419434 0.6684574484825134
vt 0.009999996982514858 0.9158742427825928
vt 0.28525105118751526 0.005978643894195557
vt 0.28525105118751526 0.022387921810150146
vt 0.5632690191268921 0.021869242191314697
vt 0.5630512237548828 0.005978643894195557
vt 0.286011666059494 0.26070618629455566
vt 0.28588247299194336 0.23151785135269165
vt 0.008995980955660343 0.23947113752365112
vt 0.008009768091142178 0.2686915397644043
vt 0.008073746226727962 0.09422451257705688
vt 0.008009768091142178 0.11182218790054321
vt 0.560534656047821 0.22362852096557617
vt 0.5632368326187134 0.25274306535720825
vt 0.008009768091142178 0.005978643894195557
vt 0.00800989381968975 0.020791471004486084
vt 0.08069248497486115 0.3576399087905884
vt 0.08660184592008591 0.34859955310821533
vt 0.3481563627719879 0.07155686616897583
vt 0.3481563627719879 0.08796626329421997
vt 0.5573638081550598 0.08637624979019165
vt 0.5573638081550598 0.07155686616897583
vt 0.21932858228683472 0.3022574782371521
vt 0.21932858228683472 0.2749505639076233
vt 0.009731844998896122 0.27494972944259644
vt 0.008009768091142178 0.30225813388824463
vt 0.008009768091142178 0.17567193508148193
vt 0.008274799212813377 0.1930168867111206
vt 0.9234699606895447 0.35677570104599
vt 0.920125424861908 0.3486001491546631
vt 0.008009768091142178 0.11820274591445923
vt 0.008522024378180504 0.13592296838760376
vt 0.0193161778151989 0.3594587445259094
vt 0.018953043967485428 0.4178975820541382
vt 0.020683974027633667 0.9779989719390869
vt 0.08714031428098679 0.9830042123794556
vt 0.9147225022315979 0.989997148513794
vt 0.9203824400901794 0.9900000095367432
vt 0.9258094429969788 0.9801903367042542
vt 0.994917094707489 0.6684579849243164
vt 0.9949876666069031 0.9186882972717285
vt 0.9834759831428528 0.9246461391448975
vt 0.9949172735214233 0.4210301637649536
vt 0.9885059595108032 0.4193692207336426
vt 0.4040280282497406 0.3485991954803467
vt 0.010000497102737427 0.42153751850128174
vt 0.01000024750828743 0.6684570908546448
vt 0.08960848301649094 0.9898653030395508
vt 0.40402737259864807 0.9897873401641846
vt 0.55552077293396 0.06551223993301392
vt 0.5555587410926819 0.0511513352394104
vt 0.9829469323158264 0.9786474108695984
vt 0.9887262582778931 0.3571038246154785
vt 0.7310127019882202 0.23989427089691162
vt 0.7243975400924683 0.21784991025924683
vt 0.6654198169708252 0.21535450220108032
vt 0.6785287857055664 0.22400397062301636
vt 0.6259639263153076 0.024359822273254395
vt 0.6130967140197754 0.02029198408126831
vt 0.6130795478820801 0.03746068477630615
vt 0.6259812116622925 0.03951156139373779
vt 0.9745466709136963 0.12321925163269043
vt 0.9762558937072754 0.11217641830444336
vt 0.907982349395752 0.11217641830444336
vt 0.9159168004989624 0.12321925163269043
vt 0.9377286434173584 0.23299884796142578
vt 0.9663450717926025 0.23299884796142578
vt 0.9658075571060181 0.2226656675338745
vt 0.9324848651885986 0.2226656675338745
vt 0.9375938177108765 0.019533634185791016
vt 0.9443279504776001 0.008566796779632568
vt 0.8983831405639648 0.00860661268234253
vt 0.897803783416748 0.019493937492370605
vt 0.6908235549926758 0.23211616277694702
vt 0.7236713171005249 0.25378966331481934
vt 0.7353476285934448 0.24568337202072144
vt 0.7401891946792603 0.2646883726119995
vt 0.7561901807785034 0.2752460241317749
vt 0.749660849571228 0.24417442083358765
vt 0.7353476285934448 0.24568337202072144
vt 0.7401891946792603 0.2646883726119995
vt 0.7310127019882202 0.23989427089691162
vt 0.6908235549926758 0.23211616277694702
vt 0.7075200080871582 0.26187223196029663
vt 0.6787407398223877 0.2605627775192261
vt 0.6285322904586792 0.06782364845275879
vt 0.6478177309036255 0.06783723831176758
vt 0.6452075242996216 0.05770087242126465
vt 0.6233547925949097 0.05771440267562866
vt 0.5711898803710938 0.14999175071716309
vt 0.629819393157959 0.14999175071716309
vt 0.6377538442611694 0.1389487385749817
vt 0.5694808959960938 0.1389487385749817
vt 0.9595644474029541 0.2947016954421997
vt 0.964808464050293 0.2843685746192932
vt 0.931485652923584 0.2843685746192932
vt 0.9309484958648682 0.2947016954421997
vt 0.9497069120407104 0.2615659236907959
vt 0.9894969463348389 0.26152604818344116
vt 0.988917350769043 0.2506389021873474
vt 0.9429726600646973 0.2505990266799927
vt 0.6908235549926758 0.23211616277694702
vt 0.7155269384384155 0.2642263174057007
vt 0.7236713171005249 0.25378966331481934
vt 0.7401891946792603 0.2646883726119995
vt 0.7155269384384155 0.2642263174057007
vt 0.7161089181900024 0.2755630612373352
vt 0.7075200080871582 0.26187223196029663
vt 0.6785287857055664 0.22400397062301636
vt 0.7509807348251343 0.03362542390823364
vt 0.7510299682617188 0.02250385284423828
vt 0.7215425968170166 0.0225030779838562
vt 0.7216619253158569 0.03362464904785156
vt 0.9654237031936646 0.13886743783950806
vt 0.9671632051467896 0.1288677453994751
vt 0.9361854791641235 0.12886548042297363
vt 0.9314600229263306 0.13886982202529907
vt 0.7231292724609375 0.19862669706344604
vt 0.6998649835586548 0.1949734091758728
vt 0.6990419626235962 0.21061623096466064
vt 0.7314245700836182 0.21240031719207764
vt 0.6900712251663208 0.03376871347427368
vt 0.6898188591003418 0.022801518440246582
vt 0.709723949432373 0.04920506477355957
vt 0.7095588445663452 0.03830593824386597
vt 0.683924674987793 0.038310348987579346
vt 0.6838840246200562 0.04920107126235962
vt 0.5695813894271851 0.053552329540252686
vt 0.5840716361999512 0.053550541400909424
vt 0.5843758583068848 0.042466580867767334
vt 0.5694808959960938 0.04246574640274048
vt 0.9573401212692261 0.3373987078666687
vt 0.9767031669616699 0.3373982310295105
vt 0.9769855737686157 0.3262227773666382
vt 0.9571908712387085 0.32622289657592773
vt 0.9573401212692261 0.3373987078666687
vt 0.9571908712387085 0.32622289657592773
vt 0.9309484958648682 0.3266456127166748
vt 0.9313277006149292 0.337971568107605
vt 0.8840044736862183 0.2253207564353943
vt 0.8840043544769287 0.22150367498397827
vt 0.8708068132400513 0.22177773714065552
vt 0.870806097984314 0.2253527045249939
vt 0.592353343963623 0.053674399852752686
vt 0.5926578044891357 0.04259014129638672
vt 0.669185996055603 0.03821408748626709
vt 0.6690394878387451 0.049173831939697266
vt 0.9936658143997192 0.18297332525253296
vt 0.9936658143997192 0.17456680536270142
vt 0.9809377193450928 0.17464500665664673
vt 0.9809372425079346 0.1830514669418335
vt 0.6654198169708252 0.049072980880737305
vt 0.6658889055252075 0.0381198525428772
vt 0.8840727806091309 0.23069584369659424
vt 0.8708781003952026 0.2309163212776184
vt 0.943678617477417 0.2814143896102905
vt 0.9437620639801025 0.2804720997810364
vt 0.9309484958648682 0.28067612648010254
vt 0.9309484958648682 0.2812774181365967
vt 0.6872313022613525 0.18989437818527222
vt 0.6762614250183105 0.1996234655380249
vt 0.6931020021438599 0.17044806480407715
vt 0.7135131359100342 0.18312716484069824
vt 0.7100623846054077 0.17322254180908203
vt 0.7060545682907104 0.1907309889793396
vt 0.6847324371337891 0.18628716468811035
vt 0.6654198169708252 0.1850641965866089
vt 0.6857897043228149 0.18584156036376953
vt 0.6886657476425171 0.18874746561050415
vt 0.6953732967376709 0.19122618436813354
vt 0.7717306613922119 0.03382676839828491
vt 0.7720592021942139 0.022709965705871582
vt 0.7655026912689209 0.2024850845336914
vt 0.759512186050415 0.18801230192184448
vt 0.6662119626998901 0.023339807987213135
vt 0.6654198169708252 0.034335315227508545
vt 0.7456867694854736 0.0378040075302124
vt 0.745847225189209 0.04870128631591797
vt 0.7666753530502319 0.03728950023651123
vt 0.7714536190032959 0.04809153079986572
vt 0.787217378616333 0.1726895570755005
vt 0.7941244840621948 0.188123881816864
vt 0.7814921140670776 0.23020660877227783
vt 0.810808539390564 0.2302057147026062
vt 0.8109278678894043 0.21908503770828247
vt 0.7814428806304932 0.2190859317779541
vt 0.5712205171585083 0.1073681116104126
vt 0.6051841974258423 0.10737037658691406
vt 0.6004587411880493 0.09736603498458862
vt 0.5694808959960938 0.09736847877502441
vt 0.7358660697937012 0.10969877243041992
vt 0.726921558380127 0.12321925163269043
vt 0.759366512298584 0.12238699197769165
vt 0.7592880725860596 0.1067308783531189
vt 0.84239661693573 0.2303498387336731
vt 0.842648983001709 0.21938347816467285
vt 0.9466533660888672 0.0640748143196106
vt 0.9724581241607666 0.06407088041305542
vt 0.9724174737930298 0.05319499969482422
vt 0.9468183517456055 0.053190648555755615
vt 0.9916448593139648 0.2945796847343445
vt 0.9917454719543457 0.2834930419921875
vt 0.9768505096435547 0.2834940552711487
vt 0.9771548509597778 0.29457783699035645
vt 0.9502140283584595 0.19713342189788818
vt 0.9503626823425293 0.18600565195083618
vt 0.9306530952453613 0.18600565195083618
vt 0.9309340715408325 0.19713306427001953
vt 0.9502140283584595 0.19713342189788818
vt 0.9764660596847534 0.19769728183746338
vt 0.9768438339233398 0.18642008304595947
vt 0.9503626823425293 0.18600565195083618
vt 0.7894741296768188 0.28924810886383057
vt 0.7762758731842041 0.28921616077423096
vt 0.7762764692306519 0.29279112815856934
vt 0.7894740104675293 0.2930651903152466
vt 0.9685685634613037 0.28361737728118896
vt 0.9688727855682373 0.2947016954421997
vt 0.987282395362854 0.06404364109039307
vt 0.9871358871459961 0.053098857402801514
vt 0.9944729804992676 0.14438432455062866
vt 0.9817444086074829 0.14430612325668335
vt 0.9817448854446411 0.15271270275115967
vt 0.9944729804992676 0.15279090404510498
vt 0.9908970594406128 0.06394308805465698
vt 0.9904285669326782 0.05300480127334595
vt 0.7895424365997314 0.2838730812072754
vt 0.7763477563858032 0.2836524248123169
vt 0.6541991233825684 0.004777073860168457
vt 0.6222409009933472 0.005557835102081299
vt 0.6222409009933472 0.008981823921203613
vt 0.6544089317321777 0.010143458843231201
vt 0.7826539278030396 0.11207044124603271
vt 0.7721540927886963 0.10202622413635254
vt 0.7672122716903687 0.08242124319076538
vt 0.7501318454742432 0.08469593524932861
vt 0.746212363243103 0.09449231624603271
vt 0.7533042430877686 0.10230964422225952
vt 0.7944281101226807 0.09750604629516602
vt 0.7748227119445801 0.09849482774734497
vt 0.7737873792648315 0.09801846742630005
vt 0.7639546394348145 0.10311806201934814
vt 0.770775318145752 0.10083812475204468
vt 0.7599502801895142 0.21929693222045898
vt 0.7602787017822266 0.23041290044784546
vt 0.697352409362793 0.09560275077819824
vt 0.6933388710021973 0.11231088638305664
vt 0.8670461177825928 0.2309163212776184
vt 0.8662540912628174 0.2199217677116394
vt 0.9083907604217529 0.05260324478149414
vt 0.9082306623458862 0.06348562240600586
vt 0.8897794485092163 0.05217552185058594
vt 0.8850077390670776 0.06296288967132568
vt 0.6730560064315796 0.08189886808395386
vt 0.6654198169708252 0.09711974859237671
vt 0.6184608936309814 0.2920798659324646
vt 0.6483472585678101 0.32951605319976807
vt 0.6616595983505249 0.337971568107605
vt 0.647266149520874 0.2929666042327881
vt 0.5823652744293213 0.02128082513809204
vt 0.5823825597763062 0.006128847599029541
vt 0.5694808959960938 0.008179783821105957
vt 0.5694980621337891 0.02534884214401245
vt 0.909691333770752 0.1083495020866394
vt 0.9683212041854858 0.1083495020866394
vt 0.9762554168701172 0.09730666875839233
vt 0.907982349395752 0.09730666875839233
vt 0.5980973243713379 0.08112454414367676
vt 0.6033411026000977 0.07079142332077026
vt 0.5700184106826782 0.07079142332077026
vt 0.5694808959960938 0.08112454414367676
vt 0.9376822710037231 0.30862271785736084
vt 0.9774725437164307 0.30858302116394043
vt 0.9768930673599243 0.2976956367492676
vt 0.9309484958648682 0.29765594005584717
vt 0.6358619928359985 0.3215855360031128
vt 0.6103994846343994 0.28984373807907104
vt 0.6025044918060303 0.30039793252944946
vt 0.5857304334640503 0.28974366188049316
vt 0.5694808959960938 0.2794226408004761
vt 0.5857304334640503 0.28974366188049316
vt 0.6103994846343994 0.28984373807907104
vt 0.6095479726791382 0.2785172462463379
vt 0.6184608936309814 0.2920798659324646
vt 0.6358619928359985 0.3215855360031128
vt 0.5954947471618652 0.3143986463546753
vt 0.6026327610015869 0.3363421559333801
vt 0.9843401908874512 0.27554941177368164
vt 0.9895179271697998 0.26544028520584106
vt 0.9676651954650879 0.2654266357421875
vt 0.965054988861084 0.2755630612373352
vt 0.9522632360458374 0.034335315227508545
vt 0.9539719820022583 0.023292362689971924
vt 0.8856989145278931 0.023292362689971924
vt 0.893633246421814 0.034335315227508545
vt 0.9655803442001343 0.09347975254058838
vt 0.9941964149475098 0.09347975254058838
vt 0.9936590194702148 0.08314663171768188
vt 0.9603362083435059 0.08314663171768188
vt 0.6092711687088013 0.12129151821136475
vt 0.6160051822662354 0.11032462120056152
vt 0.5700604915618896 0.11036443710327148
vt 0.5694808959960938 0.12125176191329956
vt 0.6358619928359985 0.3215855360031128
vt 0.6025044918060303 0.30039793252944946
vt 0.5910228490829468 0.3086740970611572
vt 0.5857304334640503 0.28974366188049316
vt 0.576748251914978 0.3103927969932556
vt 0.5910228490829468 0.3086740970611572
vt 0.5954947471618652 0.3143986463546753
vt 0.6483472585678101 0.32951605319976807
vt 0.9060862064361572 0.07823485136032104
vt 0.9354051351547241 0.07823395729064941
vt 0.9355243444442749 0.06711238622665405
vt 0.9060369729995728 0.06711328029632568
vt 0.9593861103057861 0.04920220375061035
vt 0.9939433336257935 0.04920506477355957
vt 0.9888123273849487 0.039199650287628174
vt 0.9576464891433716 0.03920251131057739
vt 0.7363985776901245 0.15397340059280396
vt 0.7274543046951294 0.16749387979507446
vt 0.7598992586135864 0.1666615605354309
vt 0.7598204612731934 0.15100544691085815
vt 0.9669957160949707 0.07837808132171631
vt 0.9672480821609497 0.06741088628768921
vt 0.727149486541748 0.0640748143196106
vt 0.7529895305633545 0.06407076120376587
vt 0.7529489994049072 0.05318009853363037
vt 0.7273145914077759 0.05317568778991699
vt 0.6194941997528076 0.053552448749542236
vt 0.6195945739746094 0.04246574640274048
vt 0.6046998500823975 0.04246675968170166
vt 0.605004072189331 0.0535506010055542
vt 0.5891263484954834 0.13542163372039795
vt 0.589275598526001 0.12424576282501221
vt 0.5694808959960938 0.12424576282501221
vt 0.5697635412216187 0.13542115688323975
vt 0.5891263484954834 0.13542163372039795
vt 0.6151387691497803 0.135994553565979
vt 0.6155179738998413 0.12466859817504883
vt 0.589275598526001 0.12424576282501221
vt 0.9225376844406128 0.2892480492591858
vt 0.909339427947998 0.2892161011695862
vt 0.9093400239944458 0.29279106855392456
vt 0.9225374460220337 0.2930651307106018
vt 0.5964179039001465 0.04259026050567627
vt 0.5967221260070801 0.053674399852752686
vt 0.7678341865539551 0.06404364109039307
vt 0.7676874399185181 0.053083956241607666
vt 0.6216726303100586 0.0989639163017273
vt 0.608944296836853 0.09888577461242676
vt 0.6089445352554321 0.1072922945022583
vt 0.6216726303100586 0.10737037658691406
vt 0.7714536190032959 0.0639427900314331
vt 0.7709846496582031 0.052989661693573
vt 0.9226059913635254 0.28387296199798584
vt 0.9094113111495972 0.28365230560302734
vt 0.6541988849639893 0.012346148490905762
vt 0.6222409009933472 0.013125896453857422
vt 0.6222412586212158 0.016549885272979736
vt 0.6544089317321777 0.01771247386932373
vt 0.7831864356994629 0.15634500980377197
vt 0.7726868391036987 0.1463007926940918
vt 0.7677450180053711 0.1266956925392151
vt 0.7506645917892456 0.12897062301635742
vt 0.7467451095581055 0.13876700401306152
vt 0.7538367509841919 0.14658421277999878
vt 0.7947127819061279 0.14211410284042358
vt 0.7753554582595825 0.14276951551437378
vt 0.7743200063705444 0.1422930359840393
vt 0.7644872665405273 0.14739280939102173
vt 0.7713079452514648 0.1451127529144287
vt 0.8850077390670776 0.06731927394866943
vt 0.88533616065979 0.07843619585037231
vt 0.7005459070205688 0.1422986388206482
vt 0.6938717365264893 0.15658551454544067
vt 0.9916472434997559 0.0789446234703064
vt 0.9908550977706909 0.06794923543930054
vt 0.6911866664886475 0.0526738166809082
vt 0.6910260915756226 0.06357115507125854
vt 0.6701980829238892 0.052159249782562256
vt 0.6654198169708252 0.06296133995056152
vt 0.6735886335372925 0.1261734962463379
vt 0.6654198169708252 0.14118045568466187
vt 0.7509738206863403 0.29235541820526123
vt 0.7510231733322144 0.2812347412109375
vt 0.7215381860733032 0.28123390674591064
vt 0.7216575145721436 0.2923545837402344
vt 0.6536405086517334 0.1359943151473999
vt 0.6553797721862793 0.1259942650794983
vt 0.6222658157348633 0.1259940266609192
vt 0.6192781925201416 0.135994553565979
vt 0.7233614921569824 0.3241979479789734
vt 0.7000967264175415 0.3205447196960449
vt 0.6992738246917725 0.33618760108947754
vt 0.7316567897796631 0.337971568107605
vt 0.6900694370269775 0.29249870777130127
vt 0.689816951751709 0.2815324068069458
vt 0.819517970085144 0.0789446234703064
vt 0.8193526268005371 0.06804555654525757
vt 0.7937184572219849 0.06804996728897095
vt 0.793677806854248 0.07894068956375122
vt 0.5695813894271851 0.03938949108123779
vt 0.5840716361999512 0.03938782215118408
vt 0.5843758583068848 0.028303921222686768
vt 0.5694808959960938 0.028303027153015137
vt 0.8744826316833496 0.018969833850860596
vt 0.8937623500823975 0.018969416618347168
vt 0.8940435647964478 0.007842063903808594
vt 0.8743336200714111 0.007842063903808594
vt 0.8744826316833496 0.018969833850860596
vt 0.8743336200714111 0.007842063903808594
vt 0.8478527069091797 0.00825643539428711
vt 0.8482306003570557 0.019533634185791016
vt 0.9932141304016113 0.11762362718582153
vt 0.9932138919830322 0.11380666494369507
vt 0.9800164699554443 0.11408060789108276
vt 0.9800158739089966 0.11765557527542114
vt 0.592353343963623 0.03951156139373779
vt 0.5926578044891357 0.0284273624420166
vt 0.778980016708374 0.06795370578765869
vt 0.778833270072937 0.07891339063644409
vt 0.9936277866363525 0.3231903910636902
vt 0.9936277866363525 0.31478381156921387
vt 0.980899453163147 0.31486213207244873
vt 0.9808992147445679 0.3232686519622803
vt 0.7752138376235962 0.07881253957748413
vt 0.7756829261779785 0.06785953044891357
vt 0.9932823181152344 0.12299871444702148
vt 0.9800877571105957 0.12321925163269043
vt 0.9057515859603882 0.22004038095474243
vt 0.9058352708816528 0.21909809112548828
vt 0.8930217027664185 0.21930211782455444
vt 0.8930217027664185 0.21990346908569336
vt 0.6874632835388184 0.31546568870544434
vt 0.6764934062957764 0.32519471645355225
vt 0.6933338642120361 0.29601943492889404
vt 0.7137452363967896 0.30869853496551514
vt 0.7102943658828735 0.2987939119338989
vt 0.7062865495681763 0.31630223989486694
vt 0.6849644184112549 0.31185853481292725
vt 0.6654198169708252 0.3102949857711792
vt 0.6860216856002808 0.3114128112792969
vt 0.6888977289199829 0.31431877613067627
vt 0.6956052780151367 0.31679749488830566
vt 0.772187352180481 0.29256176948547363
vt 0.7725157737731934 0.2814457416534424
vt 0.7657345533370972 0.32805633544921875
vt 0.75974440574646 0.3135836124420166
vt 0.6662119626998901 0.2820706367492676
vt 0.6654198169708252 0.2930651903152466
vt 0.8554805517196655 0.06754368543624878
vt 0.8556411266326904 0.07844096422195435
vt 0.8764694929122925 0.06702905893325806
vt 0.8812476396560669 0.07783114910125732
vt 0.7874493598937988 0.2982608675956726
vt 0.7947231531143188 0.3135613203048706
vt 0.6184608936309814 0.22967147827148438
vt 0.6483472585678101 0.2671074867248535
vt 0.6616595983505249 0.2755630612373352
vt 0.647266149520874 0.23055815696716309
vt 0.6093021631240845 0.03544372320175171
vt 0.6093195676803589 0.020291805267333984
vt 0.5964179039001465 0.0223427414894104
vt 0.5964351892471313 0.03951156139373779
vt 0.7775285243988037 0.019533634185791016
vt 0.836158275604248 0.019533634185791016
vt 0.844092607498169 0.008490800857543945
vt 0.7758194208145142 0.008490800857543945
vt 0.635717511177063 0.09441184997558594
vt 0.6409614086151123 0.08407872915267944
vt 0.6076385974884033 0.08407872915267944
vt 0.6071012020111084 0.09441184997558594
vt 0.8997557163238525 0.2469199299812317
vt 0.9395459890365601 0.24688023328781128
vt 0.9389663934707642 0.2359929084777832
vt 0.8930217027664185 0.23595309257507324
vt 0.6358619928359985 0.2591770887374878
vt 0.6103994846343994 0.2274351716041565
vt 0.6025044918060303 0.23798948526382446
vt 0.5857304334640503 0.22733521461486816
vt 0.5694808959960938 0.21701401472091675
vt 0.5857304334640503 0.22733521461486816
vt 0.6103994846343994 0.2274351716041565
vt 0.6095479726791382 0.2161087989807129
vt 0.6184608936309814 0.22967147827148438
vt 0.6358619928359985 0.2591770887374878
vt 0.5954947471618652 0.2519901990890503
vt 0.6026327610015869 0.2739335894584656
vt 0.642640233039856 0.053660809993743896
vt 0.6478177309036255 0.04355168342590332
vt 0.6259651184082031 0.04353815317153931
vt 0.6233547925949097 0.053674399852752686
vt 0.9521774053573608 0.04920506477355957
vt 0.9538865089416504 0.038162171840667725
vt 0.885613203048706 0.038162171840667725
vt 0.8935476541519165 0.04920506477355957
vt 0.9533321857452393 0.019533634185791016
vt 0.9819481372833252 0.019533634185791016
vt 0.9814109802246094 0.009200513362884521
vt 0.9480879306793213 0.009200513362884521
vt 0.9712502956390381 0.15279090404510498
vt 0.9779844284057617 0.14182400703430176
vt 0.932039737701416 0.1418638825416565
vt 0.9314600229263306 0.15275102853775024
vt 0.6358619928359985 0.2591770887374878
vt 0.6025044918060303 0.23798948526382446
vt 0.5910228490829468 0.24626564979553223
vt 0.5857304334640503 0.22733521461486816
vt 0.576748251914978 0.24798429012298584
vt 0.5910228490829468 0.24626564979553223
vt 0.5954947471618652 0.2519901990890503
vt 0.6483472585678101 0.2671074867248535
vt 0.7969121932983398 0.033618032932281494
vt 0.8262507915496826 0.03361707925796509
vt 0.8263702392578125 0.0224878191947937
vt 0.7968628406524658 0.022488832473754883
vt 0.9594706296920776 0.03433412313461304
vt 0.9938710927963257 0.034335315227508545
vt 0.9891384840011597 0.024332940578460693
vt 0.9577322006225586 0.024334192276000977
vt 0.8696233034133911 0.15467840433120728
vt 0.8614506721496582 0.16749387979507446
vt 0.893368124961853 0.16708272695541382
vt 0.8929848670959473 0.15142935514450073
vt 0.8568116426467896 0.033773839473724365
vt 0.8570642471313477 0.022799193859100342
vt 0.8599177598953247 0.12321925163269043
vt 0.8857579231262207 0.12321537733078003
vt 0.8857172727584839 0.11232459545135498
vt 0.8600831031799316 0.1123201847076416
vt 0.9939996004104614 0.1387476921081543
vt 0.9941000938415527 0.12766104936599731
vt 0.9792054891586304 0.12766194343566895
vt 0.979509711265564 0.13874578475952148
vt 0.950298547744751 0.21182739734649658
vt 0.9504480361938477 0.20065158605575562
vt 0.9306530952453613 0.20065146684646606
vt 0.9309353828430176 0.21182692050933838
vt 0.950298547744751 0.21182739734649658
vt 0.9763110876083374 0.21240031719207764
vt 0.976690411567688 0.20107436180114746
vt 0.9504480361938477 0.20065158605575562
vt 0.9939439296722412 0.3341546058654785
vt 0.980745792388916 0.3341226577758789
vt 0.9807463884353638 0.3376976251602173
vt 0.9939435720443726 0.337971568107605
vt 0.9709234237670898 0.12778538465499878
vt 0.9712278842926025 0.13886982202529907
vt 0.9006024599075317 0.12318801879882812
vt 0.9004557132720947 0.1122283935546875
vt 0.9939857721328735 0.15908730030059814
vt 0.9812573194503784 0.15900909900665283
vt 0.9812576770782471 0.16741567850112915
vt 0.9939857721328735 0.16749387979507446
vt 0.9042221307754517 0.12308716773986816
vt 0.9037531614303589 0.11213415861129761
vt 0.9940122365951538 0.32877951860427856
vt 0.980817437171936 0.3285589814186096
vt 0.6509233117103577 0.05405980348587036
vt 0.6555225849151611 0.09553122520446777
vt 0.6597532629966736 0.09516048431396484
vt 0.6575286984443665 0.05320686101913452
vt 0.9164519309997559 0.1564875841140747
vt 0.9057580232620239 0.14657068252563477
vt 0.9004350900650024 0.12702733278274536
vt 0.8834009170532227 0.12950700521469116
vt 0.8796725273132324 0.13934946060180664
vt 0.886915922164917 0.147080659866333
vt 0.9277000427246094 0.14211994409561157
vt 0.9083577394485474 0.1430078148841858
vt 0.9073131084442139 0.14254385232925415
vt 0.8975807428359985 0.1477610468864441
vt 0.9043562412261963 0.1453993320465088
vt 0.7758194208145142 0.022695183753967285
vt 0.7761480808258057 0.03381943702697754
vt 0.8335473537445068 0.14343571662902832
vt 0.8274379968643188 0.1573442816734314
vt 0.8819389343261719 0.034335315227508545
vt 0.8811463117599487 0.02333235740661621
vt 0.8239549398422241 0.11181837320327759
vt 0.8237946033477783 0.12271547317504883
vt 0.8029663562774658 0.11130374670028687
vt 0.798188328742981 0.12210577726364136
vt 0.8062794208526611 0.12763619422912598
vt 0.7984728813171387 0.14276641607284546
vt 0.7482601404190063 0.018793344497680664
vt 0.7482959032058716 0.007602035999298096
vt 0.7193143367767334 0.007601320743560791
vt 0.719444751739502 0.018792331218719482
vt 0.9548380374908447 0.09347879886627197
vt 0.9565759897232056 0.08347880840301514
vt 0.925240159034729 0.0834779143333435
vt 0.920506477355957 0.09347975254058838
vt 0.8177002668380737 0.2622988224029541
vt 0.7944866418838501 0.258450984954834
vt 0.7934514284133911 0.2740861773490906
vt 0.8254760503768921 0.2755630612373352
vt 0.6890467405319214 0.01896524429321289
vt 0.6887866258621216 0.007929623126983643
vt 0.8424922227859497 0.1083495020866394
vt 0.8423271179199219 0.09745043516159058
vt 0.8166931867599487 0.09745484590530396
vt 0.8166524171829224 0.10834550857543945
vt 0.5695817470550537 0.06771516799926758
vt 0.5840716361999512 0.06771337985992432
vt 0.5843758583068848 0.05662959814071655
vt 0.5694808959960938 0.056628644466400146
vt 0.9575783014297485 0.3227047324180603
vt 0.9768579006195068 0.3227041959762573
vt 0.9771391153335571 0.3115769624710083
vt 0.9574294090270996 0.3115769624710083
vt 0.9575783014297485 0.3227047324180603
vt 0.9574294090270996 0.3115769624710083
vt 0.9309484958648682 0.3119913339614868
vt 0.931326150894165 0.3232686519622803
vt 0.6547123193740845 0.14439600706100464
vt 0.6547120809555054 0.14057910442352295
vt 0.6415146589279175 0.14085304737091064
vt 0.6415138244628906 0.1444280743598938
vt 0.592353343963623 0.06783723831176758
vt 0.5926578044891357 0.05675297975540161
vt 0.8019545078277588 0.09735864400863647
vt 0.8018077611923218 0.1083182692527771
vt 0.993960976600647 0.3085446357727051
vt 0.993960976600647 0.30013811588287354
vt 0.9812328815460205 0.3002161979675293
vt 0.9812325239181519 0.30862271785736084
vt 0.798188328742981 0.10821747779846191
vt 0.7986572980880737 0.0972643494606018
vt 0.6547805070877075 0.14977115392684937
vt 0.6415858268737793 0.14999175071716309
vt 0.6204856038093567 0.009797453880310059
vt 0.6206953525543213 0.0044307708740234375
vt 0.5885291695594788 0.00559312105178833
vt 0.5885291695594788 0.009017467498779297
vt 0.7819223403930664 0.25326669216156006
vt 0.7718781232833862 0.26252835988998413
vt 0.7880561351776123 0.23387056589126587
vt 0.808294415473938 0.24671977758407593
vt 0.8049781322479248 0.23678678274154663
vt 0.8007334470748901 0.2542606592178345
vt 0.7794727087020874 0.24963879585266113
vt 0.7599502801895142 0.24791181087493896
vt 0.7805358171463013 0.2492019534111023
vt 0.783372163772583 0.2521318197250366
vt 0.790045976638794 0.2546665072441101
vt 0.770685076713562 0.01896589994430542
vt 0.7710084915161133 0.007779359817504883
vt 0.8596864938735962 0.2659335136413574
vt 0.8542249202728271 0.25198930501937866
vt 0.6661518812179565 0.008484303951263428
vt 0.6654198169708252 0.019548773765563965
vt 0.8784552812576294 0.09694856405258179
vt 0.8786158561706543 0.10784578323364258
vt 0.8994438648223877 0.09643393754959106
vt 0.9042221307754517 0.10723602771759033
vt 0.8821362257003784 0.23689913749694824
vt 0.8892614841461182 0.25223857164382935
vt 0.6350737810134888 0.1774858832359314
vt 0.6284588575363159 0.15544134378433228
vt 0.5694808959960938 0.15294593572616577
vt 0.582589864730835 0.16159546375274658
vt 0.6426258087158203 0.024359822273254395
vt 0.6297585964202881 0.02029198408126831
vt 0.6297413110733032 0.03746068477630615
vt 0.6426429748535156 0.03951156139373779
vt 0.8647528886795044 0.09347975254058838
vt 0.8664618730545044 0.08243691921234131
vt 0.798188328742981 0.08243691921234131
vt 0.8061227798461914 0.09347975254058838
vt 0.9485501050949097 0.2469199299812317
vt 0.9771660566329956 0.2469199299812317
vt 0.9766287803649902 0.23658686876296997
vt 0.9433058500289917 0.23658686876296997
vt 0.9704431295394897 0.1830514669418335
vt 0.9771772623062134 0.17208462953567505
vt 0.9312326908111572 0.17212432622909546
vt 0.9306530952453613 0.18301165103912354
vt 0.5948846340179443 0.16970771551132202
vt 0.6277326345443726 0.19138115644454956
vt 0.6394088268280029 0.1832749843597412
vt 0.6442502737045288 0.20227980613708496
vt 0.6602514982223511 0.21283751726150513
vt 0.6537221670150757 0.18176591396331787
vt 0.6394088268280029 0.1832749843597412
vt 0.6442502737045288 0.20227980613708496
vt 0.6350737810134888 0.1774858832359314
vt 0.5948846340179443 0.16970771551132202
vt 0.6115813255310059 0.1994636058807373
vt 0.5828018188476562 0.19815421104431152
vt 0.6122788190841675 0.08111101388931274
vt 0.6315642595291138 0.08112454414367676
vt 0.6289540529251099 0.0709882378578186
vt 0.6071012020111084 0.07100182771682739
vt 0.8947304487228394 0.2755630612373352
vt 0.9533605575561523 0.2755630612373352
vt 0.9612947702407837 0.2645201086997986
vt 0.8930217027664185 0.26452016830444336
vt 0.5980970859527588 0.09441184997558594
vt 0.6033412218093872 0.08407872915267944
vt 0.5700184106826782 0.08407872915267944
vt 0.5694808959960938 0.09441184997558594
vt 0.8769562244415283 0.09347975254058838
vt 0.9167463779449463 0.09343993663787842
vt 0.9161666631698608 0.08255267143249512
vt 0.8702220916748047 0.0825127363204956
vt 0.5948846340179443 0.16970771551132202
vt 0.6195880174636841 0.20181769132614136
vt 0.6277326345443726 0.19138115644454956
vt 0.6442502737045288 0.20227980613708496
vt 0.6195880174636841 0.20181769132614136
vt 0.620169997215271 0.2131546139717102
vt 0.6115813255310059 0.1994636058807373
vt 0.582589864730835 0.16159546375274658
vt 0.8607746362686157 0.04849529266357422
vt 0.8608238697052002 0.03737372159957886
vt 0.8313366174697876 0.03737282752990723
vt 0.8314557075500488 0.04849445819854736
vt 0.6537289619445801 0.12128925323486328
vt 0.6554685831069946 0.11128956079483032
vt 0.6244906187057495 0.11128723621368408
vt 0.6197652816772461 0.12129151821136475
vt 0.8561930656433105 0.3241979479789734
vt 0.8329285383224487 0.3205447196960449
vt 0.8321055173873901 0.336187481880188
vt 0.8644883632659912 0.337971568107605
vt 0.7998651266098022 0.04863846302032471
vt 0.7996128797531128 0.03767126798629761
vt 0.709723949432373 0.0789446234703064
vt 0.7095588445663452 0.06804555654525757
vt 0.6839249134063721 0.0680498480796814
vt 0.6838840246200562 0.07894068956375122
vt 0.5965183973312378 0.06771528720855713
vt 0.6110085248947144 0.06771337985992432
vt 0.611312747001648 0.05662959814071655
vt 0.5964179039001465 0.056628644466400146
vt 0.9578518867492676 0.16692101955413818
vt 0.9772149324417114 0.16692054271697998
vt 0.9774973392486572 0.15574508905410767
vt 0.9577023983001709 0.15574508905410767
vt 0.9578518867492676 0.16692101955413818
vt 0.9577023983001709 0.15574508905410767
vt 0.9314600229263306 0.15616798400878906
vt 0.9318394660949707 0.16749387979507446
vt 0.9932138919830322 0.10275393724441528
vt 0.9932135343551636 0.09893685579299927
vt 0.9800159931182861 0.09921073913574219
vt 0.9800156354904175 0.10278588533401489
vt 0.6192903518676758 0.06783723831176758
vt 0.6195948123931885 0.05675297975540161
vt 0.6691861152648926 0.06795370578765869
vt 0.6690394878387451 0.07891339063644409
vt 0.9933323860168457 0.1976190209388733
vt 0.9933323860168457 0.18921250104904175
vt 0.9806042909622192 0.18929070234298706
vt 0.9806040525436401 0.19769728183746338
vt 0.6654198169708252 0.07881253957748413
vt 0.6658889055252075 0.06785953044891357
vt 0.9932819604873657 0.10812896490097046
vt 0.9800872802734375 0.1083495020866394
vt 0.6204867959022522 0.017366886138916016
vt 0.6206969022750854 0.012000203132629395
vt 0.5885297656059265 0.013162195682525635
vt 0.5885291695594788 0.01658618450164795
vt 0.8202948570251465 0.3154658079147339
vt 0.809325098991394 0.32519465684890747
vt 0.8261654376983643 0.2960193157196045
vt 0.8465766906738281 0.3086985945701599
vt 0.8431259393692017 0.2987939119338989
vt 0.8391183614730835 0.31630223989486694
vt 0.8177961111068726 0.31185853481292725
vt 0.7984833717346191 0.31063544750213623
vt 0.8188532590866089 0.3114128112792969
vt 0.821729302406311 0.31431877613067627
vt 0.8284368515014648 0.31679749488830566
vt 0.8815245628356934 0.04869651794433594
vt 0.8818529844284058 0.037579894065856934
vt 0.8985662460327148 0.32805633544921875
vt 0.8925759792327881 0.3135836124420166
vt 0.776005744934082 0.03820967674255371
vt 0.7752138376235962 0.04920506477355957
vt 0.7456867694854736 0.067543625831604
vt 0.745847225189209 0.07844090461730957
vt 0.7666753530502319 0.06702899932861328
vt 0.7714536190032959 0.07783114910125732
vt 0.920281171798706 0.2982608675956726
vt 0.9271882772445679 0.31369519233703613
vt 0.8200253248214722 0.29235535860061646
vt 0.8493417501449585 0.2923544645309448
vt 0.8494610786437988 0.2812337875366211
vt 0.8199758529663086 0.2812346816062927
vt 0.8947612047195435 0.23299658298492432
vt 0.9287247657775879 0.23299884796142578
vt 0.9239993095397949 0.2229946255683899
vt 0.8930217027664185 0.22299695014953613
vt 0.868330717086792 0.19887971878051758
vt 0.8593862056732178 0.21240031719207764
vt 0.8918312788009644 0.2115679383277893
vt 0.8917528390884399 0.19591176509857178
vt 0.8809298276901245 0.2924985885620117
vt 0.8811819553375244 0.28153228759765625
vt 0.836943507194519 0.0640748143196106
vt 0.8627833127975464 0.06407088041305542
vt 0.8627427816390991 0.05318009853363037
vt 0.8371086120605469 0.05317568778991699
vt 0.9931814670562744 0.23287689685821533
vt 0.9932819604873657 0.22179025411605835
vt 0.9783871173858643 0.22179120779037476
vt 0.9786913394927979 0.23287498950958252
vt 0.9125826358795166 0.2610020637512207
vt 0.912731409072876 0.24987423419952393
vt 0.8930217027664185 0.24987417459487915
vt 0.8933029174804688 0.2610015273094177
vt 0.9125826358795166 0.2610020637512207
vt 0.9388346672058105 0.2615659236907959
vt 0.9392125606536865 0.2502886652946472
vt 0.912731409072876 0.24987423419952393
vt 0.9936485290527344 0.2085832953453064
vt 0.9804503917694092 0.208551287651062
vt 0.9804511070251465 0.21212643384933472
vt 0.9936484098434448 0.21240031719207764
vt 0.9701050519943237 0.2219146490097046
vt 0.9704095125198364 0.23299884796142578
vt 0.877627968788147 0.06404364109039307
vt 0.87748122215271 0.053083956241607666
vt 0.9936548471450806 0.23851346969604492
vt 0.9809262752532959 0.23843532800674438
vt 0.9809266328811646 0.24684184789657593
vt 0.9936548471450806 0.2469199299812317
vt 0.8812476396560669 0.0639427900314331
vt 0.8807786703109741 0.052989661693573
vt 0.9937170743942261 0.20320820808410645
vt 0.9805221557617188 0.2029876708984375
vt 0.9958566427230835 0.06400913000106812
vt 0.9956823587417603 0.05400741100311279
vt 0.9949170351028442 0.05400758981704712
vt 0.9946572780609131 0.0640748143196106
vt 0.9151188135147095 0.20125138759613037
vt 0.9046189785003662 0.19120711088180542
vt 0.8996772766113281 0.17160212993621826
vt 0.882596492767334 0.17387688159942627
vt 0.878677248954773 0.18367332220077515
vt 0.8857691287994385 0.19149059057235718
vt 0.926892876625061 0.1866869330406189
vt 0.90728759765625 0.18767577409744263
vt 0.906252384185791 0.1871994137763977
vt 0.8964196443557739 0.19229906797409058
vt 0.9032403230667114 0.19001907110214233
vt 0.7984833717346191 0.2814457416534424
vt 0.7988119125366211 0.2925616502761841
vt 0.8324780464172363 0.1872050166130066
vt 0.8258036375045776 0.20149177312850952
vt 0.9055793285369873 0.2930651307106018
vt 0.9047873020172119 0.282070517539978
vt 0.8009806871414185 0.0526738166809082
vt 0.8008201122283936 0.06357115507125854
vt 0.7799921035766602 0.052159249782562256
vt 0.7752138376235962 0.06296133995056152
vt 0.80552077293396 0.1710798144340515
vt 0.797884464263916 0.18630069494247437
f 3 2 1
f 1 4 3
f 7 6 5
f 5 8 7
f 11 10 9
f 9 12 11
f 15 14 13
f 13 16 15
f 4 18 17
f 17 3 4
f 21 20 19
f 19 22 21
f 25 24 23
f 23 26 25
f 29 28 27
f 27 30 29
f 33 32 31
f 31 34 33
f 37 36 35
f 35 38 37
f 40 39 11
f 11 12 40
f 41 13 14
f 14 42 41
f 31 44 43
f 43 34 31
f 47 46 45
f 45 48 47
f 25 50 49
f 49 24 25
f 53 52 51
f 51 54 53
f 57 56 55
f 58 57 55
f 58 55 59
f 60 19 20
f 20 61 60
f 27 28 62
f 62 63 27
f 36 45 46
f 46 35 36
f 64 59 55
f 55 65 64
f 68 67 66
f 66 69 68
f 72 71 70
f 70 73 72
f 76 75 74
f 79 78 77
f 77 80 79
f 83 82 81
f 81 84 83
f 85 7 8
f 8 86 85
f 81 82 87
f 87 88 81
f 89 77 78
f 78 90 89
f 92 75 91
f 95 94 93
f 93 96 95
f 99 98 97
f 97 100 99
f 101 60 61
f 61 102 101
f 104 103 12
f 105 53 54
f 54 106 105
f 108 107 91
f 110 109 74
f 111 40 12
f 12 112 111
f 113 112 12
f 115 12 114
f 115 116 12
f 118 117 12
f 104 12 9
f 117 114 12
f 75 108 91
f 92 119 75
f 75 120 108
f 75 121 120
f 75 110 74
f 76 121 75
f 75 122 110
f 75 123 122
f 118 12 103
f 116 113 12
f 44 125 124
f 124 43 44
f 116 126 113
f 103 127 118
f 130 129 128
f 128 131 130
f 134 133 132
f 132 135 134
f 138 137 136
f 136 139 138
f 142 141 140
f 140 143 142
f 146 145 144
f 144 147 146
f 150 149 148
f 150 151 149
f 154 153 152
f 152 155 154
f 154 156 153
f 157 131 156
f 156 154 157
f 130 131 158
f 158 159 130
f 162 161 160
f 160 163 162
f 166 165 164
f 164 167 166
f 170 169 168
f 168 171 170
f 174 173 172
f 172 175 174
f 178 177 176
f 179 177 178
f 180 155 152
f 152 181 180
f 182 180 181
f 157 180 182
f 182 183 157
f 186 185 184
f 184 187 186
f 190 189 188
f 188 191 190
f 194 193 192
f 192 195 194
f 186 187 196
f 196 197 186
f 200 199 198
f 198 201 200
f 204 203 202
f 202 205 204
f 208 207 206
f 206 209 208
f 212 211 210
f 210 213 212
f 216 215 214
f 214 217 216
f 219 218 203
f 203 204 219
f 221 220 200
f 200 201 221
f 224 223 222
f 222 225 224
f 220 221 226
f 226 227 220
f 217 214 228
f 228 229 217
f 232 231 230
f 230 233 232
f 235 234 193
f 193 194 235
f 238 237 236
f 237 239 236
f 241 240 234
f 234 235 241
f 236 242 240
f 240 241 236
f 244 243 242
f 242 236 244
f 236 239 244
f 246 245 184
f 184 185 246
f 247 195 192
f 192 248 247
f 249 197 196
f 196 250 249
f 198 199 251
f 251 252 198
f 252 251 253
f 253 254 252
f 247 248 255
f 255 256 247
f 259 258 257
f 257 260 259
f 263 262 261
f 261 264 263
f 267 266 265
f 265 268 267
f 259 270 269
f 269 258 259
f 273 272 271
f 271 274 273
f 277 276 275
f 275 278 277
f 281 280 279
f 279 282 281
f 285 284 283
f 283 286 285
f 289 288 287
f 287 290 289
f 291 277 278
f 278 292 291
f 293 272 273
f 273 294 293
f 297 296 295
f 295 298 297
f 294 300 299
f 299 293 294
f 288 302 301
f 301 287 288
f 305 304 303
f 303 306 305
f 307 267 268
f 268 308 307
f 311 310 309
f 312 311 309
f 313 307 308
f 308 314 313
f 309 313 314
f 314 315 309
f 316 309 315
f 315 317 316
f 312 309 316
f 318 260 257
f 257 319 318
f 321 320 265
f 265 266 321
f 323 322 269
f 269 270 323
f 271 325 324
f 324 274 271
f 325 327 326
f 326 324 325
f 321 329 328
f 328 320 321
f 332 331 330
f 330 333 332
f 336 335 334
f 334 337 336
f 340 339 338
f 338 341 340
f 344 343 342
f 342 345 344
f 348 347 346
f 346 349 348
f 352 351 350
f 353 351 352
f 356 355 354
f 354 357 356
f 358 356 357
f 359 356 358
f 358 331 359
f 332 361 360
f 360 331 332
f 364 363 362
f 362 365 364
f 368 367 366
f 366 369 368
f 372 371 370
f 370 373 372
f 376 375 374
f 374 377 376
f 380 379 378
f 380 381 379
f 383 382 354
f 354 355 383
f 383 384 382
f 359 385 384
f 384 383 359
f 388 387 386
f 386 389 388
f 392 391 390
f 390 393 392
f 396 395 394
f 394 397 396
f 388 399 398
f 398 387 388
f 402 401 400
f 400 403 402
f 406 405 404
f 404 407 406
f 410 409 408
f 408 411 410
f 414 413 412
f 412 415 414
f 418 417 416
f 416 419 418
f 420 406 407
f 407 421 420
f 422 401 402
f 402 423 422
f 426 425 424
f 424 427 426
f 423 429 428
f 428 422 423
f 417 431 430
f 430 416 417
f 434 433 432
f 432 435 434
f 436 396 397
f 397 437 436
f 440 439 438
f 441 440 438
f 442 436 437
f 437 443 442
f 438 442 443
f 443 444 438
f 445 438 444
f 444 446 445
f 441 438 445
f 447 389 386
f 386 448 447
f 450 449 394
f 394 395 450
f 452 451 398
f 398 399 452
f 400 454 453
f 453 403 400
f 454 456 455
f 455 453 454
f 450 458 457
f 457 449 450
f 461 460 459
f 459 462 461
f 465 464 463
f 463 466 465
f 469 468 467
f 467 470 469
f 461 462 471
f 471 472 461
f 475 474 473
f 473 476 475
f 479 478 477
f 477 480 479
f 483 482 481
f 481 484 483
f 487 486 485
f 485 488 487
f 491 490 489
f 489 492 491
f 494 493 478
f 478 479 494
f 496 495 475
f 475 476 496
f 499 498 497
f 497 500 499
f 495 496 501
f 501 502 495
f 492 489 503
f 503 504 492
f 507 506 505
f 505 508 507
f 510 509 468
f 468 469 510
f 513 512 511
f 512 514 511
f 516 515 509
f 509 510 516
f 511 517 515
f 515 516 511
f 519 518 517
f 517 511 519
f 511 514 519
f 521 520 459
f 459 460 521
f 522 470 467
f 467 523 522
f 524 472 471
f 471 525 524
f 473 474 526
f 526 527 473
f 527 526 528
f 528 529 527
f 522 523 530
f 530 531 522
f 534 533 532
f 532 535 534
f 538 537 536
f 536 539 538
f 542 541 540
f 540 543 542
f 546 545 544
f 544 547 546
f 550 549 548
f 548 551 550
f 554 553 552
f 555 553 554
f 558 557 556
f 556 559 558
f 560 558 559
f 561 558 560
f 560 533 561
f 534 563 562
f 562 533 534
f 566 565 564
f 564 567 566
f 570 569 568
f 568 571 570
f 574 573 572
f 572 575 574
f 578 577 576
f 576 579 578
f 582 581 580
f 582 583 581
f 585 584 556
f 556 557 585
f 585 586 584
f 561 587 586
f 586 585 561
f 590 589 588
f 588 591 590
f 594 593 592
f 592 595 594
f 598 597 596
f 596 599 598
f 590 601 600
f 600 589 590
f 604 603 602
f 602 605 604
f 608 607 606
f 606 609 608
f 612 611 610
f 610 613 612
f 616 615 614
f 614 617 616
f 620 619 618
f 618 621 620
f 622 608 609
f 609 623 622
f 624 603 604
f 604 625 624
f 628 627 626
f 626 629 628
f 625 631 630
f 630 624 625
f 619 633 632
f 632 618 619
f 636 635 634
f 634 637 636
f 638 598 599
f 599 639 638
f 642 641 640
f 643 642 640
f 644 638 639
f 639 645 644
f 640 644 645
f 645 646 640
f 647 640 646
f 646 648 647
f 643 640 647
f 649 591 588
f 588 650 649
f 652 651 596
f 596 597 652
f 654 653 600
f 600 601 654
f 602 656 655
f 655 605 602
f 656 658 657
f 657 655 656
f 652 660 659
f 659 651 652
f 663 662 661
f 661 664 663
f 667 666 665
f 665 668 667
f 671 670 669
f 669 672 671
f 663 664 673
f 673 674 663
f 677 676 675
f 675 678 677
f 681 680 679
f 679 682 681
f 685 684 683
f 683 686 685
f 689 688 687
f 687 690 689
f 693 692 691
f 691 694 693
f 696 695 680
f 680 681 696
f 698 697 677
f 677 678 698
f 701 700 699
f 699 702 701
f 697 698 703
f 703 704 697
f 694 691 705
f 705 706 694
f 709 708 707
f 707 710 709
f 712 711 670
f 670 671 712
f 715 714 713
f 714 716 713
f 718 717 711
f 711 712 718
f 713 719 717
f 717 718 713
f 721 720 719
f 719 713 721
f 713 716 721
f 723 722 661
f 661 662 723
f 724 672 669
f 669 725 724
f 726 674 673
f 673 727 726
f 675 676 728
f 728 729 675
f 729 728 730
f 730 731 729
f 724 725 732
f 732 733 724
f 736 735 734
f 734 737 736
f 740 739 738
f 738 741 740
f 744 743 742
f 742 745 744
f 748 747 746
f 746 749 748
f 752 751 750
f 750 753 752
f 756 755 754
f 756 757 755
f 760 759 758
f 758 761 760
f 760 762 759
f 763 737 762
f 762 760 763
f 736 737 764
f 764 765 736
f 768 767 766
f 766 769 768
f 772 771 770
f 770 773 772
f 776 775 774
f 774 777 776
f 780 779 778
f 778 781 780
f 784 783 782
f 785 783 784
f 786 761 758
f 758 787 786
f 788 786 787
f 763 786 788
f 788 789 763
f 792 791 790
f 790 793 792
f 796 795 794
f 794 797 796
f 800 799 798
f 798 801 800
f 792 793 802
f 802 803 792
f 806 805 804
f 804 807 806
f 810 809 808
f 808 811 810
f 814 813 812
f 812 815 814
f 818 817 816
f 816 819 818
f 822 821 820
f 820 823 822
f 825 824 809
f 809 810 825
f 827 826 806
f 806 807 827
f 830 829 828
f 828 831 830
f 826 827 832
f 832 833 826
f 823 820 834
f 834 835 823
f 838 837 836
f 836 839 838
f 841 840 799
f 799 800 841
f 844 843 842
f 843 845 842
f 847 846 840
f 840 841 847
f 842 848 846
f 846 847 842
f 850 849 848
f 848 842 850
f 842 845 850
f 852 851 790
f 790 791 852
f 853 801 798
f 798 854 853
f 855 803 802
f 802 856 855
f 804 805 857
f 857 858 804
f 858 857 859
f 859 860 858
f 853 854 861
f 861 862 853
f 865 864 863
f 863 866 865
f 869 868 867
f 867 870 869
f 873 872 871
f 871 874 873
f 865 876 875
f 875 864 865
f 879 878 877
f 877 880 879
f 883 882 881
f 881 884 883
f 887 886 885
f 885 888 887
f 891 890 889
f 889 892 891
f 895 894 893
f 893 896 895
f 897 883 884
f 884 898 897
f 899 878 879
f 879 900 899
f 903 902 901
f 901 904 903
f 900 906 905
f 905 899 900
f 894 908 907
f 907 893 894
f 911 910 909
f 909 912 911
f 913 873 874
f 874 914 913
f 917 916 915
f 918 917 915
f 919 913 914
f 914 920 919
f 915 919 920
f 920 921 915
f 922 915 921
f 921 923 922
f 918 915 922
f 924 866 863
f 863 925 924
f 927 926 871
f 871 872 927
f 929 928 875
f 875 876 929
f 877 931 930
f 930 880 877
f 931 933 932
f 932 930 931
f 927 935 934
f 934 926 927
